'NC_001573-SRI-10-.txt.csv', 46
'NC_001573-SRI-11-.txt.csv', 4
'NC_001573-SRI-5-.txt.csv', 17330
'NC_001573-SRI-6-.txt.csv', 15501
'NC_001573-SRI-7-.txt.csv', 8629
'NC_001573-SRI-8-.txt.csv', 2495
'NC_001573-SRI-9-.txt.csv', 437
'NC_002471-SRI-10-.txt.csv', 19
'NC_002471-SRI-11-.txt.csv', 4
'NC_002471-SRI-12-.txt.csv', 2
'NC_002471-SRI-5-.txt.csv', 16798
'NC_002471-SRI-6-.txt.csv', 14449
'NC_002471-SRI-7-.txt.csv', 6584
'NC_002471-SRI-8-.txt.csv', 1385
'NC_002471-SRI-9-.txt.csv', 188
'NC_002756-SRI-10-.txt.csv', 64
'NC_002756-SRI-11-.txt.csv', 2
'NC_002756-SRI-5-.txt.csv', 16434
'NC_002756-SRI-6-.txt.csv', 14559
'NC_002756-SRI-7-.txt.csv', 7934
'NC_002756-SRI-8-.txt.csv', 2214
'NC_002756-SRI-9-.txt.csv', 391
'NC_002805-SRI-10-.txt.csv', 74
'NC_002805-SRI-11-.txt.csv', 25
'NC_002805-SRI-12-.txt.csv', 12
'NC_002805-SRI-5-.txt.csv', 17588
'NC_002805-SRI-6-.txt.csv', 15464
'NC_002805-SRI-7-.txt.csv', 7636
'NC_002805-SRI-8-.txt.csv', 1729
'NC_002805-SRI-9-.txt.csv', 305
'NC_004021-SRI-10-.txt.csv', 309
'NC_004021-SRI-11-.txt.csv', 55
'NC_004021-SRI-12-.txt.csv', 4
'NC_004021-SRI-13-.txt.csv', 2
'NC_004021-SRI-5-.txt.csv', 16045
'NC_004021-SRI-6-.txt.csv', 14346
'NC_004021-SRI-7-.txt.csv', 9099
'NC_004021-SRI-8-.txt.csv', 3976
'NC_004021-SRI-9-.txt.csv', 1317
'NC_004926-SRI-10-.txt.csv', 171
'NC_004926-SRI-11-.txt.csv', 39
'NC_004926-SRI-12-.txt.csv', 10
'NC_004926-SRI-13-.txt.csv', 2
'NC_004926-SRI-5-.txt.csv', 16268
'NC_004926-SRI-6-.txt.csv', 14772
'NC_004926-SRI-7-.txt.csv', 8822
'NC_004926-SRI-8-.txt.csv', 3231
'NC_004926-SRI-9-.txt.csv', 826
'NC_005055-SRI-10-.txt.csv', 29
'NC_005055-SRI-11-.txt.csv', 8
'NC_005055-SRI-12-.txt.csv', 3
'NC_005055-SRI-5-.txt.csv', 17542
'NC_005055-SRI-6-.txt.csv', 15714
'NC_005055-SRI-7-.txt.csv', 7966
'NC_005055-SRI-8-.txt.csv', 1670
'NC_005055-SRI-9-.txt.csv', 234
'NC_005794-SRI-10-.txt.csv', 38
'NC_005794-SRI-11-.txt.csv', 10
'NC_005794-SRI-12-.txt.csv', 6
'NC_005794-SRI-13-.txt.csv', 6
'NC_005794-SRI-14-.txt.csv', 6
'NC_005794-SRI-15-.txt.csv', 6
'NC_005794-SRI-16-.txt.csv', 6
'NC_005794-SRI-17-.txt.csv', 6
'NC_005794-SRI-18-.txt.csv', 4
'NC_005794-SRI-19-.txt.csv', 2
'NC_005794-SRI-5-.txt.csv', 17159
'NC_005794-SRI-6-.txt.csv', 15522
'NC_005794-SRI-7-.txt.csv', 7619
'NC_005794-SRI-8-.txt.csv', 1693
'NC_005794-SRI-9-.txt.csv', 244
'NC_005797-SRI-10-.txt.csv', 182
'NC_005797-SRI-11-.txt.csv', 26
'NC_005797-SRI-12-.txt.csv', 2
'NC_005797-SRI-5-.txt.csv', 16058
'NC_005797-SRI-6-.txt.csv', 14387
'NC_005797-SRI-7-.txt.csv', 9012
'NC_005797-SRI-8-.txt.csv', 3788
'NC_005797-SRI-9-.txt.csv', 1040
'NC_006301-SRI-10-.txt.csv', 143
'NC_006301-SRI-11-.txt.csv', 21
'NC_006301-SRI-12-.txt.csv', 2
'NC_006301-SRI-5-.txt.csv', 15627
'NC_006301-SRI-6-.txt.csv', 13493
'NC_006301-SRI-7-.txt.csv', 8147
'NC_006301-SRI-8-.txt.csv', 2992
'NC_006301-SRI-9-.txt.csv', 755
'NC_006302-SRI-10-.txt.csv', 45
'NC_006302-SRI-11-.txt.csv', 6
'NC_006302-SRI-5-.txt.csv', 15651
'NC_006302-SRI-6-.txt.csv', 13157
'NC_006302-SRI-7-.txt.csv', 6658
'NC_006302-SRI-8-.txt.csv', 1822
'NC_006302-SRI-9-.txt.csv', 349
'NC_006303-SRI-10-.txt.csv', 29
'NC_006303-SRI-11-.txt.csv', 4
'NC_006303-SRI-5-.txt.csv', 16260
'NC_006303-SRI-6-.txt.csv', 14185
'NC_006303-SRI-7-.txt.csv', 6432
'NC_006303-SRI-8-.txt.csv', 1346
'NC_006303-SRI-9-.txt.csv', 202
'NC_006304-SRI-10-.txt.csv', 152
'NC_006304-SRI-11-.txt.csv', 23
'NC_006304-SRI-12-.txt.csv', 7
'NC_006304-SRI-5-.txt.csv', 15659
'NC_006304-SRI-6-.txt.csv', 13976
'NC_006304-SRI-7-.txt.csv', 8365
'NC_006304-SRI-8-.txt.csv', 3218
'NC_006304-SRI-9-.txt.csv', 881
'NC_006305-SRI-10-.txt.csv', 70
'NC_006305-SRI-11-.txt.csv', 11
'NC_006305-SRI-5-.txt.csv', 16119
'NC_006305-SRI-6-.txt.csv', 14100
'NC_006305-SRI-7-.txt.csv', 7843
'NC_006305-SRI-8-.txt.csv', 2507
'NC_006305-SRI-9-.txt.csv', 551
'NC_006325-SRI-10-.txt.csv', 165
'NC_006325-SRI-11-.txt.csv', 17
'NC_006325-SRI-5-.txt.csv', 19332
'NC_006325-SRI-6-.txt.csv', 16865
'NC_006325-SRI-7-.txt.csv', 9073
'NC_006325-SRI-8-.txt.csv', 3230
'NC_006325-SRI-9-.txt.csv', 829
'NC_006326-SRI-10-.txt.csv', 98
'NC_006326-SRI-11-.txt.csv', 13
'NC_006326-SRI-5-.txt.csv', 16458
'NC_006326-SRI-6-.txt.csv', 14559
'NC_006326-SRI-7-.txt.csv', 8021
'NC_006326-SRI-8-.txt.csv', 2552
'NC_006326-SRI-9-.txt.csv', 550
'NC_006327-SRI-10-.txt.csv', 820
'NC_006327-SRI-11-.txt.csv', 280
'NC_006327-SRI-12-.txt.csv', 97
'NC_006327-SRI-13-.txt.csv', 35
'NC_006327-SRI-14-.txt.csv', 10
'NC_006327-SRI-5-.txt.csv', 19792
'NC_006327-SRI-6-.txt.csv', 17875
'NC_006327-SRI-7-.txt.csv', 11717
'NC_006327-SRI-8-.txt.csv', 5470
'NC_006327-SRI-9-.txt.csv', 2262
'NC_006328-SRI-10-.txt.csv', 817
'NC_006328-SRI-11-.txt.csv', 248
'NC_006328-SRI-12-.txt.csv', 80
'NC_006328-SRI-13-.txt.csv', 7
'NC_006328-SRI-14-.txt.csv', 2
'NC_006328-SRI-5-.txt.csv', 22301
'NC_006328-SRI-6-.txt.csv', 19894
'NC_006328-SRI-7-.txt.csv', 12932
'NC_006328-SRI-8-.txt.csv', 5993
'NC_006328-SRI-9-.txt.csv', 2423
'NC_006329-SRI-10-.txt.csv', 226
'NC_006329-SRI-11-.txt.csv', 53
'NC_006329-SRI-12-.txt.csv', 6
'NC_006329-SRI-13-.txt.csv', 2
'NC_006329-SRI-5-.txt.csv', 16816
'NC_006329-SRI-6-.txt.csv', 14835
'NC_006329-SRI-7-.txt.csv', 8773
'NC_006329-SRI-8-.txt.csv', 3285
'NC_006329-SRI-9-.txt.csv', 1010
'NC_006330-SRI-10-.txt.csv', 165
'NC_006330-SRI-11-.txt.csv', 32
'NC_006330-SRI-12-.txt.csv', 6
'NC_006330-SRI-13-.txt.csv', 2
'NC_006330-SRI-5-.txt.csv', 16084
'NC_006330-SRI-6-.txt.csv', 14427
'NC_006330-SRI-7-.txt.csv', 8741
'NC_006330-SRI-8-.txt.csv', 3503
'NC_006330-SRI-9-.txt.csv', 991
'NC_006331-SRI-10-.txt.csv', 833
'NC_006331-SRI-11-.txt.csv', 234
'NC_006331-SRI-12-.txt.csv', 63
'NC_006331-SRI-13-.txt.csv', 23
'NC_006331-SRI-14-.txt.csv', 12
'NC_006331-SRI-15-.txt.csv', 6
'NC_006331-SRI-5-.txt.csv', 21135
'NC_006331-SRI-6-.txt.csv', 19280
'NC_006331-SRI-7-.txt.csv', 12785
'NC_006331-SRI-8-.txt.csv', 6276
'NC_006331-SRI-9-.txt.csv', 2528
'NC_006332-SRI-10-.txt.csv', 117
'NC_006332-SRI-11-.txt.csv', 14
'NC_006332-SRI-5-.txt.csv', 16343
'NC_006332-SRI-6-.txt.csv', 14218
'NC_006332-SRI-7-.txt.csv', 7908
'NC_006332-SRI-8-.txt.csv', 2806
'NC_006332-SRI-9-.txt.csv', 669
'NC_006333-SRI-10-.txt.csv', 639
'NC_006333-SRI-11-.txt.csv', 278
'NC_006333-SRI-12-.txt.csv', 139
'NC_006333-SRI-13-.txt.csv', 76
'NC_006333-SRI-14-.txt.csv', 45
'NC_006333-SRI-15-.txt.csv', 26
'NC_006333-SRI-16-.txt.csv', 13
'NC_006333-SRI-5-.txt.csv', 19520
'NC_006333-SRI-6-.txt.csv', 17183
'NC_006333-SRI-7-.txt.csv', 10400
'NC_006333-SRI-8-.txt.csv', 4332
'NC_006333-SRI-9-.txt.csv', 1649
'NC_006334-SRI-10-.txt.csv', 431
'NC_006334-SRI-11-.txt.csv', 182
'NC_006334-SRI-12-.txt.csv', 66
'NC_006334-SRI-13-.txt.csv', 14
'NC_006334-SRI-14-.txt.csv', 7
'NC_006334-SRI-5-.txt.csv', 18920
'NC_006334-SRI-6-.txt.csv', 16584
'NC_006334-SRI-7-.txt.csv', 9668
'NC_006334-SRI-8-.txt.csv', 3607
'NC_006334-SRI-9-.txt.csv', 1223
'NC_006335-SRI-10-.txt.csv', 465
'NC_006335-SRI-11-.txt.csv', 125
'NC_006335-SRI-12-.txt.csv', 28
'NC_006335-SRI-13-.txt.csv', 10
'NC_006335-SRI-14-.txt.csv', 5
'NC_006335-SRI-5-.txt.csv', 18419
'NC_006335-SRI-6-.txt.csv', 16123
'NC_006335-SRI-7-.txt.csv', 9624
'NC_006335-SRI-8-.txt.csv', 3979
'NC_006335-SRI-9-.txt.csv', 1438
'NC_006336-SRI-10-.txt.csv', 80
'NC_006336-SRI-11-.txt.csv', 12
'NC_006336-SRI-12-.txt.csv', 2
'NC_006336-SRI-5-.txt.csv', 18805
'NC_006336-SRI-6-.txt.csv', 17156
'NC_006336-SRI-7-.txt.csv', 9622
'NC_006336-SRI-8-.txt.csv', 2982
'NC_006336-SRI-9-.txt.csv', 693
'NC_006337-SRI-10-.txt.csv', 415
'NC_006337-SRI-11-.txt.csv', 97
'NC_006337-SRI-12-.txt.csv', 16
'NC_006337-SRI-13-.txt.csv', 2
'NC_006337-SRI-5-.txt.csv', 16222
'NC_006337-SRI-6-.txt.csv', 14397
'NC_006337-SRI-7-.txt.csv', 8989
'NC_006337-SRI-8-.txt.csv', 3968
'NC_006337-SRI-9-.txt.csv', 1393
'NC_006338-SRI-10-.txt.csv', 607
'NC_006338-SRI-11-.txt.csv', 156
'NC_006338-SRI-12-.txt.csv', 44
'NC_006338-SRI-13-.txt.csv', 12
'NC_006338-SRI-14-.txt.csv', 6
'NC_006338-SRI-15-.txt.csv', 2
'NC_006338-SRI-5-.txt.csv', 21787
'NC_006338-SRI-6-.txt.csv', 19791
'NC_006338-SRI-7-.txt.csv', 12912
'NC_006338-SRI-8-.txt.csv', 5606
'NC_006338-SRI-9-.txt.csv', 2036
'NC_006339-SRI-10-.txt.csv', 623
'NC_006339-SRI-11-.txt.csv', 132
'NC_006339-SRI-12-.txt.csv', 19
'NC_006339-SRI-13-.txt.csv', 2
'NC_006339-SRI-5-.txt.csv', 16238
'NC_006339-SRI-6-.txt.csv', 14283
'NC_006339-SRI-7-.txt.csv', 9385
'NC_006339-SRI-8-.txt.csv', 4605
'NC_006339-SRI-9-.txt.csv', 1890
'NC_006340-SRI-10-.txt.csv', 323
'NC_006340-SRI-11-.txt.csv', 44
'NC_006340-SRI-12-.txt.csv', 5
'NC_006340-SRI-5-.txt.csv', 17258
'NC_006340-SRI-6-.txt.csv', 15525
'NC_006340-SRI-7-.txt.csv', 9382
'NC_006340-SRI-8-.txt.csv', 3832
'NC_006340-SRI-9-.txt.csv', 1271
'NC_006341-SRI-10-.txt.csv', 120
'NC_006341-SRI-11-.txt.csv', 21
'NC_006341-SRI-12-.txt.csv', 2
'NC_006341-SRI-5-.txt.csv', 16405
'NC_006341-SRI-6-.txt.csv', 14153
'NC_006341-SRI-7-.txt.csv', 7739
'NC_006341-SRI-8-.txt.csv', 2636
'NC_006341-SRI-9-.txt.csv', 612
'NC_006342-SRI-10-.txt.csv', 200
'NC_006342-SRI-11-.txt.csv', 39
'NC_006342-SRI-12-.txt.csv', 4
'NC_006342-SRI-5-.txt.csv', 17173
'NC_006342-SRI-6-.txt.csv', 15329
'NC_006342-SRI-7-.txt.csv', 8727
'NC_006342-SRI-8-.txt.csv', 3216
'NC_006342-SRI-9-.txt.csv', 945
'NC_006343-SRI-10-.txt.csv', 368
'NC_006343-SRI-11-.txt.csv', 113
'NC_006343-SRI-12-.txt.csv', 49
'NC_006343-SRI-13-.txt.csv', 26
'NC_006343-SRI-14-.txt.csv', 17
'NC_006343-SRI-15-.txt.csv', 12
'NC_006343-SRI-16-.txt.csv', 9
'NC_006343-SRI-17-.txt.csv', 6
'NC_006343-SRI-18-.txt.csv', 3
'NC_006343-SRI-5-.txt.csv', 19626
'NC_006343-SRI-6-.txt.csv', 17263
'NC_006343-SRI-7-.txt.csv', 10331
'NC_006343-SRI-8-.txt.csv', 4243
'NC_006343-SRI-9-.txt.csv', 1338
'NC_006344-SRI-10-.txt.csv', 262
'NC_006344-SRI-11-.txt.csv', 37
'NC_006344-SRI-12-.txt.csv', 2
'NC_006344-SRI-5-.txt.csv', 15897
'NC_006344-SRI-6-.txt.csv', 13927
'NC_006344-SRI-7-.txt.csv', 8577
'NC_006344-SRI-8-.txt.csv', 3546
'NC_006344-SRI-9-.txt.csv', 1107
'NC_006345-SRI-10-.txt.csv', 487
'NC_006345-SRI-11-.txt.csv', 126
'NC_006345-SRI-12-.txt.csv', 26
'NC_006345-SRI-13-.txt.csv', 4
'NC_006345-SRI-5-.txt.csv', 16808
'NC_006345-SRI-6-.txt.csv', 15232
'NC_006345-SRI-7-.txt.csv', 10326
'NC_006345-SRI-8-.txt.csv', 4957
'NC_006345-SRI-9-.txt.csv', 1767
'NC_006346-SRI-10-.txt.csv', 410
'NC_006346-SRI-11-.txt.csv', 113
'NC_006346-SRI-12-.txt.csv', 29
'NC_006346-SRI-13-.txt.csv', 6
'NC_006346-SRI-5-.txt.csv', 21279
'NC_006346-SRI-6-.txt.csv', 18854
'NC_006346-SRI-7-.txt.csv', 11496
'NC_006346-SRI-8-.txt.csv', 4582
'NC_006346-SRI-9-.txt.csv', 1418
'NC_006402-SRI-10-.txt.csv', 56
'NC_006402-SRI-11-.txt.csv', 15
'NC_006402-SRI-12-.txt.csv', 8
'NC_006402-SRI-5-.txt.csv', 17379
'NC_006402-SRI-6-.txt.csv', 15576
'NC_006402-SRI-7-.txt.csv', 8153
'NC_006402-SRI-8-.txt.csv', 1930
'NC_006402-SRI-9-.txt.csv', 286
'NC_006403-SRI-10-.txt.csv', 116
'NC_006403-SRI-11-.txt.csv', 32
'NC_006403-SRI-12-.txt.csv', 12
'NC_006403-SRI-5-.txt.csv', 17967
'NC_006403-SRI-6-.txt.csv', 16114
'NC_006403-SRI-7-.txt.csv', 8541
'NC_006403-SRI-8-.txt.csv', 2401
'NC_006403-SRI-9-.txt.csv', 500
'NC_006404-SRI-10-.txt.csv', 18
'NC_006404-SRI-11-.txt.csv', 2
'NC_006404-SRI-5-.txt.csv', 15791
'NC_006404-SRI-6-.txt.csv', 13350
'NC_006404-SRI-7-.txt.csv', 6446
'NC_006404-SRI-8-.txt.csv', 1543
'NC_006404-SRI-9-.txt.csv', 199
'NC_006405-SRI-10-.txt.csv', 31
'NC_006405-SRI-11-.txt.csv', 2
'NC_006405-SRI-5-.txt.csv', 16603
'NC_006405-SRI-6-.txt.csv', 14394
'NC_006405-SRI-7-.txt.csv', 7028
'NC_006405-SRI-8-.txt.csv', 1655
'NC_006405-SRI-9-.txt.csv', 234
'NC_006406-SRI-10-.txt.csv', 49
'NC_006406-SRI-11-.txt.csv', 8
'NC_006406-SRI-12-.txt.csv', 2
'NC_006406-SRI-5-.txt.csv', 16481
'NC_006406-SRI-6-.txt.csv', 14722
'NC_006406-SRI-7-.txt.csv', 7726
'NC_006406-SRI-8-.txt.csv', 2126
'NC_006406-SRI-9-.txt.csv', 399
'NC_006407-SRI-10-.txt.csv', 61
'NC_006407-SRI-11-.txt.csv', 17
'NC_006407-SRI-12-.txt.csv', 2
'NC_006407-SRI-5-.txt.csv', 16083
'NC_006407-SRI-6-.txt.csv', 14259
'NC_006407-SRI-7-.txt.csv', 7401
'NC_006407-SRI-8-.txt.csv', 2066
'NC_006407-SRI-9-.txt.csv', 371
'NC_006688-SRI-10-.txt.csv', 59
'NC_006688-SRI-11-.txt.csv', 14
'NC_006688-SRI-12-.txt.csv', 4
'NC_006688-SRI-5-.txt.csv', 17280
'NC_006688-SRI-6-.txt.csv', 14859
'NC_006688-SRI-7-.txt.csv', 6765
'NC_006688-SRI-8-.txt.csv', 1372
'NC_006688-SRI-9-.txt.csv', 222
'NC_006689-SRI-10-.txt.csv', 26
'NC_006689-SRI-11-.txt.csv', 10
'NC_006689-SRI-5-.txt.csv', 17648
'NC_006689-SRI-6-.txt.csv', 15774
'NC_006689-SRI-7-.txt.csv', 7736
'NC_006689-SRI-8-.txt.csv', 1540
'NC_006689-SRI-9-.txt.csv', 232
'NC_006690-SRI-10-.txt.csv', 43
'NC_006690-SRI-11-.txt.csv', 15
'NC_006690-SRI-12-.txt.csv', 6
'NC_006690-SRI-13-.txt.csv', 4
'NC_006690-SRI-14-.txt.csv', 2
'NC_006690-SRI-5-.txt.csv', 16875
'NC_006690-SRI-6-.txt.csv', 15165
'NC_006690-SRI-7-.txt.csv', 7161
'NC_006690-SRI-8-.txt.csv', 1454
'NC_006690-SRI-9-.txt.csv', 223
'NC_006839-SRI-10-.txt.csv', 30
'NC_006839-SRI-11-.txt.csv', 2
'NC_006839-SRI-5-.txt.csv', 17377
'NC_006839-SRI-6-.txt.csv', 15150
'NC_006839-SRI-7-.txt.csv', 7224
'NC_006839-SRI-8-.txt.csv', 1592
'NC_006839-SRI-9-.txt.csv', 229
'NC_006887-SRI-10-.txt.csv', 225
'NC_006887-SRI-11-.txt.csv', 37
'NC_006887-SRI-12-.txt.csv', 10
'NC_006887-SRI-13-.txt.csv', 2
'NC_006887-SRI-5-.txt.csv', 16037
'NC_006887-SRI-6-.txt.csv', 14284
'NC_006887-SRI-7-.txt.csv', 9100
'NC_006887-SRI-8-.txt.csv', 3854
'NC_006887-SRI-9-.txt.csv', 1153
'NC_006888-SRI-10-.txt.csv', 175
'NC_006888-SRI-11-.txt.csv', 26
'NC_006888-SRI-12-.txt.csv', 2
'NC_006888-SRI-5-.txt.csv', 16062
'NC_006888-SRI-6-.txt.csv', 14416
'NC_006888-SRI-7-.txt.csv', 9037
'NC_006888-SRI-8-.txt.csv', 3777
'NC_006888-SRI-9-.txt.csv', 1029
'NC_006889-SRI-10-.txt.csv', 201
'NC_006889-SRI-11-.txt.csv', 30
'NC_006889-SRI-12-.txt.csv', 4
'NC_006889-SRI-5-.txt.csv', 16093
'NC_006889-SRI-6-.txt.csv', 14358
'NC_006889-SRI-7-.txt.csv', 8899
'NC_006889-SRI-8-.txt.csv', 3685
'NC_006889-SRI-9-.txt.csv', 1097
'NC_006890-SRI-10-.txt.csv', 164
'NC_006890-SRI-11-.txt.csv', 22
'NC_006890-SRI-12-.txt.csv', 6
'NC_006890-SRI-13-.txt.csv', 2
'NC_006890-SRI-5-.txt.csv', 16097
'NC_006890-SRI-6-.txt.csv', 14516
'NC_006890-SRI-7-.txt.csv', 8924
'NC_006890-SRI-8-.txt.csv', 3520
'NC_006890-SRI-9-.txt.csv', 911
'NC_007178-SRI-10-.txt.csv', 230
'NC_007178-SRI-11-.txt.csv', 30
'NC_007178-SRI-12-.txt.csv', 8
'NC_007178-SRI-13-.txt.csv', 2
'NC_007178-SRI-5-.txt.csv', 21143
'NC_007178-SRI-6-.txt.csv', 19150
'NC_007178-SRI-7-.txt.csv', 11271
'NC_007178-SRI-8-.txt.csv', 4185
'NC_007178-SRI-9-.txt.csv', 1038
'NC_007440-SRI-10-.txt.csv', 16
'NC_007440-SRI-11-.txt.csv', 2
'NC_007440-SRI-5-.txt.csv', 17417
'NC_007440-SRI-6-.txt.csv', 15617
'NC_007440-SRI-7-.txt.csv', 7744
'NC_007440-SRI-8-.txt.csv', 1790
'NC_007440-SRI-9-.txt.csv', 232
'NC_007446-SRI-10-.txt.csv', 144
'NC_007446-SRI-11-.txt.csv', 21
'NC_007446-SRI-12-.txt.csv', 2
'NC_007446-SRI-5-.txt.csv', 16092
'NC_007446-SRI-6-.txt.csv', 14515
'NC_007446-SRI-7-.txt.csv', 8695
'NC_007446-SRI-8-.txt.csv', 3242
'NC_007446-SRI-9-.txt.csv', 844
'NC_007888-SRI-10-.txt.csv', 511
'NC_007888-SRI-11-.txt.csv', 181
'NC_007888-SRI-12-.txt.csv', 80
'NC_007888-SRI-13-.txt.csv', 24
'NC_007888-SRI-14-.txt.csv', 6
'NC_007888-SRI-15-.txt.csv', 2
'NC_007888-SRI-5-.txt.csv', 22538
'NC_007888-SRI-6-.txt.csv', 20569
'NC_007888-SRI-7-.txt.csv', 13058
'NC_007888-SRI-8-.txt.csv', 5319
'NC_007888-SRI-9-.txt.csv', 1634
'NC_007911-SRI-10-.txt.csv', 112
'NC_007911-SRI-11-.txt.csv', 26
'NC_007911-SRI-12-.txt.csv', 4
'NC_007911-SRI-5-.txt.csv', 15955
'NC_007911-SRI-6-.txt.csv', 14005
'NC_007911-SRI-7-.txt.csv', 8182
'NC_007911-SRI-8-.txt.csv', 2897
'NC_007911-SRI-9-.txt.csv', 649
'NC_008076-SRI-10-.txt.csv', 156
'NC_008076-SRI-11-.txt.csv', 26
'NC_008076-SRI-12-.txt.csv', 4
'NC_008076-SRI-5-.txt.csv', 16101
'NC_008076-SRI-6-.txt.csv', 14480
'NC_008076-SRI-7-.txt.csv', 8767
'NC_008076-SRI-8-.txt.csv', 3416
'NC_008076-SRI-9-.txt.csv', 943
'NC_008077-SRI-10-.txt.csv', 354
'NC_008077-SRI-11-.txt.csv', 80
'NC_008077-SRI-12-.txt.csv', 12
'NC_008077-SRI-13-.txt.csv', 2
'NC_008077-SRI-5-.txt.csv', 16052
'NC_008077-SRI-6-.txt.csv', 14476
'NC_008077-SRI-7-.txt.csv', 9067
'NC_008077-SRI-8-.txt.csv', 3886
'NC_008077-SRI-9-.txt.csv', 1272
'NC_008078-SRI-10-.txt.csv', 221
'NC_008078-SRI-11-.txt.csv', 32
'NC_008078-SRI-5-.txt.csv', 16109
'NC_008078-SRI-6-.txt.csv', 14463
'NC_008078-SRI-7-.txt.csv', 9067
'NC_008078-SRI-8-.txt.csv', 3546
'NC_008078-SRI-9-.txt.csv', 1005
'NC_008079-SRI-10-.txt.csv', 257
'NC_008079-SRI-11-.txt.csv', 49
'NC_008079-SRI-12-.txt.csv', 10
'NC_008079-SRI-13-.txt.csv', 2
'NC_008079-SRI-5-.txt.csv', 16121
'NC_008079-SRI-6-.txt.csv', 14504
'NC_008079-SRI-7-.txt.csv', 8823
'NC_008079-SRI-8-.txt.csv', 3671
'NC_008079-SRI-9-.txt.csv', 1129
'NC_008080-SRI-10-.txt.csv', 328
'NC_008080-SRI-11-.txt.csv', 67
'NC_008080-SRI-12-.txt.csv', 10
'NC_008080-SRI-13-.txt.csv', 4
'NC_008080-SRI-5-.txt.csv', 16069
'NC_008080-SRI-6-.txt.csv', 14374
'NC_008080-SRI-7-.txt.csv', 9117
'NC_008080-SRI-8-.txt.csv', 3896
'NC_008080-SRI-9-.txt.csv', 1254
'NC_008081-SRI-10-.txt.csv', 153
'NC_008081-SRI-11-.txt.csv', 16
'NC_008081-SRI-5-.txt.csv', 16138
'NC_008081-SRI-6-.txt.csv', 14626
'NC_008081-SRI-7-.txt.csv', 9025
'NC_008081-SRI-8-.txt.csv', 3494
'NC_008081-SRI-9-.txt.csv', 935
'NC_008082-SRI-10-.txt.csv', 157
'NC_008082-SRI-11-.txt.csv', 23
'NC_008082-SRI-12-.txt.csv', 4
'NC_008082-SRI-13-.txt.csv', 2
'NC_008082-SRI-5-.txt.csv', 16013
'NC_008082-SRI-6-.txt.csv', 14469
'NC_008082-SRI-7-.txt.csv', 8748
'NC_008082-SRI-8-.txt.csv', 3334
'NC_008082-SRI-9-.txt.csv', 908
'NC_008083-SRI-10-.txt.csv', 270
'NC_008083-SRI-11-.txt.csv', 57
'NC_008083-SRI-12-.txt.csv', 11
'NC_008083-SRI-13-.txt.csv', 2
'NC_008083-SRI-5-.txt.csv', 16064
'NC_008083-SRI-6-.txt.csv', 14465
'NC_008083-SRI-7-.txt.csv', 8965
'NC_008083-SRI-8-.txt.csv', 3823
'NC_008083-SRI-9-.txt.csv', 1191
'NC_008084-SRI-10-.txt.csv', 359
'NC_008084-SRI-11-.txt.csv', 61
'NC_008084-SRI-12-.txt.csv', 8
'NC_008084-SRI-5-.txt.csv', 16018
'NC_008084-SRI-6-.txt.csv', 14318
'NC_008084-SRI-7-.txt.csv', 9001
'NC_008084-SRI-8-.txt.csv', 3949
'NC_008084-SRI-9-.txt.csv', 1359
'NC_008085-SRI-10-.txt.csv', 323
'NC_008085-SRI-11-.txt.csv', 60
'NC_008085-SRI-12-.txt.csv', 8
'NC_008085-SRI-5-.txt.csv', 16068
'NC_008085-SRI-6-.txt.csv', 14444
'NC_008085-SRI-7-.txt.csv', 9055
'NC_008085-SRI-8-.txt.csv', 3886
'NC_008085-SRI-9-.txt.csv', 1271
'NC_008088-SRI-10-.txt.csv', 154
'NC_008088-SRI-11-.txt.csv', 22
'NC_008088-SRI-12-.txt.csv', 2
'NC_008088-SRI-5-.txt.csv', 16127
'NC_008088-SRI-6-.txt.csv', 14477
'NC_008088-SRI-7-.txt.csv', 8586
'NC_008088-SRI-8-.txt.csv', 3373
'NC_008088-SRI-9-.txt.csv', 945
'NC_008089-SRI-10-.txt.csv', 271
'NC_008089-SRI-11-.txt.csv', 44
'NC_008089-SRI-12-.txt.csv', 2
'NC_008089-SRI-5-.txt.csv', 16152
'NC_008089-SRI-6-.txt.csv', 14497
'NC_008089-SRI-7-.txt.csv', 9442
'NC_008089-SRI-8-.txt.csv', 4283
'NC_008089-SRI-9-.txt.csv', 1359
'NC_008090-SRI-10-.txt.csv', 308
'NC_008090-SRI-11-.txt.csv', 57
'NC_008090-SRI-12-.txt.csv', 12
'NC_008090-SRI-5-.txt.csv', 16053
'NC_008090-SRI-6-.txt.csv', 14391
'NC_008090-SRI-7-.txt.csv', 8831
'NC_008090-SRI-8-.txt.csv', 3636
'NC_008090-SRI-9-.txt.csv', 1221
'NC_008091-SRI-10-.txt.csv', 233
'NC_008091-SRI-11-.txt.csv', 38
'NC_008091-SRI-12-.txt.csv', 6
'NC_008091-SRI-5-.txt.csv', 16045
'NC_008091-SRI-6-.txt.csv', 14243
'NC_008091-SRI-7-.txt.csv', 8870
'NC_008091-SRI-8-.txt.csv', 3606
'NC_008091-SRI-9-.txt.csv', 1110
'NC_008144-SRI-10-.txt.csv', 76
'NC_008144-SRI-11-.txt.csv', 29
'NC_008144-SRI-12-.txt.csv', 9
'NC_008144-SRI-5-.txt.csv', 17216
'NC_008144-SRI-6-.txt.csv', 15359
'NC_008144-SRI-7-.txt.csv', 7930
'NC_008144-SRI-8-.txt.csv', 2044
'NC_008144-SRI-9-.txt.csv', 327
'NC_008410-SRI-10-.txt.csv', 24
'NC_008410-SRI-11-.txt.csv', 8
'NC_008410-SRI-12-.txt.csv', 4
'NC_008410-SRI-13-.txt.csv', 2
'NC_008410-SRI-5-.txt.csv', 17076
'NC_008410-SRI-6-.txt.csv', 15226
'NC_008410-SRI-7-.txt.csv', 7310
'NC_008410-SRI-8-.txt.csv', 1455
'NC_008410-SRI-9-.txt.csv', 163
'NC_008975-SRI-10-.txt.csv', 115
'NC_008975-SRI-11-.txt.csv', 25
'NC_008975-SRI-5-.txt.csv', 19708
'NC_008975-SRI-6-.txt.csv', 17836
'NC_008975-SRI-7-.txt.csv', 9930
'NC_008975-SRI-8-.txt.csv', 2909
'NC_008975-SRI-9-.txt.csv', 628
'NC_009258-SRI-10-.txt.csv', 112
'NC_009258-SRI-11-.txt.csv', 69
'NC_009258-SRI-12-.txt.csv', 46
'NC_009258-SRI-13-.txt.csv', 24
'NC_009258-SRI-14-.txt.csv', 12
'NC_009258-SRI-5-.txt.csv', 18269
'NC_009258-SRI-6-.txt.csv', 16549
'NC_009258-SRI-7-.txt.csv', 8273
'NC_009258-SRI-8-.txt.csv', 1821
'NC_009258-SRI-9-.txt.csv', 348
'NC_009264-SRI-10-.txt.csv', 15
'NC_009264-SRI-11-.txt.csv', 2
'NC_009264-SRI-5-.txt.csv', 17658
'NC_009264-SRI-6-.txt.csv', 15555
'NC_009264-SRI-7-.txt.csv', 7497
'NC_009264-SRI-8-.txt.csv', 1564
'NC_009264-SRI-9-.txt.csv', 175
'NC_009335-SRI-10-.txt.csv', 340
'NC_009335-SRI-11-.txt.csv', 50
'NC_009335-SRI-12-.txt.csv', 4
'NC_009335-SRI-5-.txt.csv', 16034
'NC_009335-SRI-6-.txt.csv', 14266
'NC_009335-SRI-7-.txt.csv', 9111
'NC_009335-SRI-8-.txt.csv', 4020
'NC_009335-SRI-9-.txt.csv', 1333
'NC_009422-SRI-10-.txt.csv', 41
'NC_009422-SRI-11-.txt.csv', 14
'NC_009422-SRI-12-.txt.csv', 4
'NC_009422-SRI-13-.txt.csv', 2
'NC_009422-SRI-5-.txt.csv', 16521
'NC_009422-SRI-6-.txt.csv', 14687
'NC_009422-SRI-7-.txt.csv', 7692
'NC_009422-SRI-8-.txt.csv', 1974
'NC_009422-SRI-9-.txt.csv', 285
'NC_009423-SRI-10-.txt.csv', 70
'NC_009423-SRI-11-.txt.csv', 4
'NC_009423-SRI-5-.txt.csv', 17769
'NC_009423-SRI-6-.txt.csv', 15738
'NC_009423-SRI-7-.txt.csv', 7901
'NC_009423-SRI-8-.txt.csv', 2026
'NC_009423-SRI-9-.txt.csv', 377
'NC_009886-SRI-10-.txt.csv', 43
'NC_009886-SRI-11-.txt.csv', 12
'NC_009886-SRI-12-.txt.csv', 6
'NC_009886-SRI-5-.txt.csv', 17551
'NC_009886-SRI-6-.txt.csv', 15702
'NC_009886-SRI-7-.txt.csv', 7654
'NC_009886-SRI-8-.txt.csv', 1723
'NC_009886-SRI-9-.txt.csv', 259
'NC_010224-SRI-10-.txt.csv', 235
'NC_010224-SRI-11-.txt.csv', 55
'NC_010224-SRI-12-.txt.csv', 9
'NC_010224-SRI-13-.txt.csv', 2
'NC_010224-SRI-5-.txt.csv', 16124
'NC_010224-SRI-6-.txt.csv', 14393
'NC_010224-SRI-7-.txt.csv', 8547
'NC_010224-SRI-8-.txt.csv', 3333
'NC_010224-SRI-9-.txt.csv', 981
'NC_010232-SRI-10-.txt.csv', 105
'NC_010232-SRI-11-.txt.csv', 31
'NC_010232-SRI-12-.txt.csv', 16
'NC_010232-SRI-13-.txt.csv', 8
'NC_010232-SRI-5-.txt.csv', 19336
'NC_010232-SRI-6-.txt.csv', 17393
'NC_010232-SRI-7-.txt.csv', 9774
'NC_010232-SRI-8-.txt.csv', 2663
'NC_010232-SRI-9-.txt.csv', 514
'NC_010233-SRI-10-.txt.csv', 65
'NC_010233-SRI-11-.txt.csv', 17
'NC_010233-SRI-12-.txt.csv', 4
'NC_010233-SRI-5-.txt.csv', 16490
'NC_010233-SRI-6-.txt.csv', 14791
'NC_010233-SRI-7-.txt.csv', 7961
'NC_010233-SRI-8-.txt.csv', 2199
'NC_010233-SRI-9-.txt.csv', 411
'NC_011049-SRI-10-.txt.csv', 62
'NC_011049-SRI-11-.txt.csv', 4
'NC_011049-SRI-5-.txt.csv', 18150
'NC_011049-SRI-6-.txt.csv', 16547
'NC_011049-SRI-7-.txt.csv', 9029
'NC_011049-SRI-8-.txt.csv', 2269
'NC_011049-SRI-9-.txt.csv', 418
'NC_012430-SRI-10-.txt.csv', 324
'NC_012430-SRI-11-.txt.csv', 59
'NC_012430-SRI-12-.txt.csv', 12
'NC_012430-SRI-5-.txt.csv', 16051
'NC_012430-SRI-6-.txt.csv', 14437
'NC_012430-SRI-7-.txt.csv', 9369
'NC_012430-SRI-8-.txt.csv', 4052
'NC_012430-SRI-9-.txt.csv', 1346
'NC_012647-SRI-10-.txt.csv', 35
'NC_012647-SRI-5-.txt.csv', 17618
'NC_012647-SRI-6-.txt.csv', 15809
'NC_012647-SRI-7-.txt.csv', 8103
'NC_012647-SRI-8-.txt.csv', 1868
'NC_012647-SRI-9-.txt.csv', 283
'NC_012837-SRI-10-.txt.csv', 29
'NC_012837-SRI-11-.txt.csv', 4
'NC_012837-SRI-12-.txt.csv', 2
'NC_012837-SRI-5-.txt.csv', 16607
'NC_012837-SRI-6-.txt.csv', 14503
'NC_012837-SRI-7-.txt.csv', 7312
'NC_012837-SRI-8-.txt.csv', 1759
'NC_012837-SRI-9-.txt.csv', 263
'NC_013270-SRI-10-.txt.csv', 27
'NC_013270-SRI-11-.txt.csv', 4
'NC_013270-SRI-5-.txt.csv', 17790
'NC_013270-SRI-6-.txt.csv', 15703
'NC_013270-SRI-7-.txt.csv', 8175
'NC_013270-SRI-8-.txt.csv', 1978
'NC_013270-SRI-9-.txt.csv', 283
'NC_013762-SRI-10-.txt.csv', 154
'NC_013762-SRI-11-.txt.csv', 22
'NC_013762-SRI-12-.txt.csv', 2
'NC_013762-SRI-5-.txt.csv', 16119
'NC_013762-SRI-6-.txt.csv', 14465
'NC_013762-SRI-7-.txt.csv', 8639
'NC_013762-SRI-8-.txt.csv', 3374
'NC_013762-SRI-9-.txt.csv', 943
'NC_013825-SRI-10-.txt.csv', 230
'NC_013825-SRI-11-.txt.csv', 27
'NC_013825-SRI-12-.txt.csv', 2
'NC_013825-SRI-5-.txt.csv', 16124
'NC_013825-SRI-6-.txt.csv', 14490
'NC_013825-SRI-7-.txt.csv', 8903
'NC_013825-SRI-8-.txt.csv', 3616
'NC_013825-SRI-9-.txt.csv', 1089
'NC_014568-SRI-10-.txt.csv', 156
'NC_014568-SRI-11-.txt.csv', 20
'NC_014568-SRI-12-.txt.csv', 2
'NC_014568-SRI-5-.txt.csv', 16109
'NC_014568-SRI-6-.txt.csv', 14425
'NC_014568-SRI-7-.txt.csv', 8700
'NC_014568-SRI-8-.txt.csv', 3333
'NC_014568-SRI-9-.txt.csv', 912
'NC_014571-SRI-10-.txt.csv', 156
'NC_014571-SRI-11-.txt.csv', 14
'NC_014571-SRI-5-.txt.csv', 16040
'NC_014571-SRI-6-.txt.csv', 14217
'NC_014571-SRI-7-.txt.csv', 8616
'NC_014571-SRI-8-.txt.csv', 3447
'NC_014571-SRI-9-.txt.csv', 947
'NC_014572-SRI-10-.txt.csv', 131
'NC_014572-SRI-11-.txt.csv', 10
'NC_014572-SRI-12-.txt.csv', 2
'NC_014572-SRI-5-.txt.csv', 16103
'NC_014572-SRI-6-.txt.csv', 14221
'NC_014572-SRI-7-.txt.csv', 8673
'NC_014572-SRI-8-.txt.csv', 3336
'NC_014572-SRI-9-.txt.csv', 872
'NC_014581-SRI-10-.txt.csv', 106
'NC_014581-SRI-11-.txt.csv', 22
'NC_014581-SRI-12-.txt.csv', 4
'NC_014581-SRI-5-.txt.csv', 20174
'NC_014581-SRI-6-.txt.csv', 18059
'NC_014581-SRI-7-.txt.csv', 9210
'NC_014581-SRI-8-.txt.csv', 2434
'NC_014581-SRI-9-.txt.csv', 479
'NC_014584-SRI-10-.txt.csv', 76
'NC_014584-SRI-11-.txt.csv', 26
'NC_014584-SRI-12-.txt.csv', 11
'NC_014584-SRI-13-.txt.csv', 4
'NC_014584-SRI-14-.txt.csv', 2
'NC_014584-SRI-5-.txt.csv', 20062
'NC_014584-SRI-6-.txt.csv', 18461
'NC_014584-SRI-7-.txt.csv', 9803
'NC_014584-SRI-8-.txt.csv', 2513
'NC_014584-SRI-9-.txt.csv', 434
'NC_014685-SRI-10-.txt.csv', 34
'NC_014685-SRI-5-.txt.csv', 18069
'NC_014685-SRI-6-.txt.csv', 16665
'NC_014685-SRI-7-.txt.csv', 9737
'NC_014685-SRI-8-.txt.csv', 2929
'NC_014685-SRI-9-.txt.csv', 478
'NC_014691-SRI-10-.txt.csv', 22
'NC_014691-SRI-11-.txt.csv', 2
'NC_014691-SRI-5-.txt.csv', 16400
'NC_014691-SRI-6-.txt.csv', 14355
'NC_014691-SRI-7-.txt.csv', 6785
'NC_014691-SRI-8-.txt.csv', 1504
'NC_014691-SRI-9-.txt.csv', 202
'NC_015305-SRI-10-.txt.csv', 280
'NC_015305-SRI-11-.txt.csv', 22
'NC_015305-SRI-5-.txt.csv', 20598
'NC_015305-SRI-6-.txt.csv', 18687
'NC_015305-SRI-7-.txt.csv', 10193
'NC_015305-SRI-8-.txt.csv', 3290
'NC_015305-SRI-9-.txt.csv', 955
'NC_015615-SRI-10-.txt.csv', 29
'NC_015615-SRI-5-.txt.csv', 17799
'NC_015615-SRI-6-.txt.csv', 15303
'NC_015615-SRI-7-.txt.csv', 7644
'NC_015615-SRI-8-.txt.csv', 1853
'NC_015615-SRI-9-.txt.csv', 298
'NC_015617-SRI-10-.txt.csv', 205
'NC_015617-SRI-11-.txt.csv', 139
'NC_015617-SRI-12-.txt.csv', 110
'NC_015617-SRI-13-.txt.csv', 100
'NC_015617-SRI-14-.txt.csv', 90
'NC_015617-SRI-15-.txt.csv', 80
'NC_015617-SRI-16-.txt.csv', 70
'NC_015617-SRI-17-.txt.csv', 60
'NC_015617-SRI-18-.txt.csv', 50
'NC_015617-SRI-19-.txt.csv', 40
'NC_015617-SRI-20-.txt.csv', 30
'NC_015617-SRI-21-.txt.csv', 20
'NC_015617-SRI-22-.txt.csv', 10
'NC_015617-SRI-5-.txt.csv', 19301
'NC_015617-SRI-6-.txt.csv', 17112
'NC_015617-SRI-7-.txt.csv', 7831
'NC_015617-SRI-8-.txt.csv', 1769
'NC_015617-SRI-9-.txt.csv', 435
'NC_015618-SRI-10-.txt.csv', 47
'NC_015618-SRI-11-.txt.csv', 10
'NC_015618-SRI-5-.txt.csv', 17848
'NC_015618-SRI-6-.txt.csv', 16005
'NC_015618-SRI-7-.txt.csv', 8467
'NC_015618-SRI-8-.txt.csv', 2263
'NC_015618-SRI-9-.txt.csv', 401
'NC_015788-SRI-10-.txt.csv', 51
'NC_015788-SRI-11-.txt.csv', 6
'NC_015788-SRI-12-.txt.csv', 2
'NC_015788-SRI-5-.txt.csv', 16397
'NC_015788-SRI-6-.txt.csv', 14494
'NC_015788-SRI-7-.txt.csv', 7256
'NC_015788-SRI-8-.txt.csv', 1899
'NC_015788-SRI-9-.txt.csv', 320
'NC_015790-SRI-10-.txt.csv', 42
'NC_015790-SRI-11-.txt.csv', 8
'NC_015790-SRI-12-.txt.csv', 2
'NC_015790-SRI-5-.txt.csv', 16396
'NC_015790-SRI-6-.txt.csv', 14573
'NC_015790-SRI-7-.txt.csv', 7434
'NC_015790-SRI-8-.txt.csv', 1911
'NC_015790-SRI-9-.txt.csv', 286
'NC_015791-SRI-10-.txt.csv', 39
'NC_015791-SRI-11-.txt.csv', 4
'NC_015791-SRI-5-.txt.csv', 16205
'NC_015791-SRI-6-.txt.csv', 14405
'NC_015791-SRI-7-.txt.csv', 7348
'NC_015791-SRI-8-.txt.csv', 1880
'NC_015791-SRI-9-.txt.csv', 276
'NC_015792-SRI-10-.txt.csv', 33
'NC_015792-SRI-5-.txt.csv', 16370
'NC_015792-SRI-6-.txt.csv', 14500
'NC_015792-SRI-7-.txt.csv', 7383
'NC_015792-SRI-8-.txt.csv', 1874
'NC_015792-SRI-9-.txt.csv', 314
'NC_015794-SRI-10-.txt.csv', 36
'NC_015794-SRI-5-.txt.csv', 16372
'NC_015794-SRI-6-.txt.csv', 14587
'NC_015794-SRI-7-.txt.csv', 7332
'NC_015794-SRI-8-.txt.csv', 1771
'NC_015794-SRI-9-.txt.csv', 260
'NC_015795-SRI-10-.txt.csv', 15
'NC_015795-SRI-5-.txt.csv', 16332
'NC_015795-SRI-6-.txt.csv', 14383
'NC_015795-SRI-7-.txt.csv', 7234
'NC_015795-SRI-8-.txt.csv', 1783
'NC_015795-SRI-9-.txt.csv', 224
'NC_015796-SRI-10-.txt.csv', 30
'NC_015796-SRI-11-.txt.csv', 8
'NC_015796-SRI-12-.txt.csv', 4
'NC_015796-SRI-13-.txt.csv', 2
'NC_015796-SRI-5-.txt.csv', 16225
'NC_015796-SRI-6-.txt.csv', 14266
'NC_015796-SRI-7-.txt.csv', 7024
'NC_015796-SRI-8-.txt.csv', 1689
'NC_015796-SRI-9-.txt.csv', 219
'NC_016119-SRI-10-.txt.csv', 32
'NC_016119-SRI-11-.txt.csv', 6
'NC_016119-SRI-12-.txt.csv', 3
'NC_016119-SRI-5-.txt.csv', 17485
'NC_016119-SRI-6-.txt.csv', 15978
'NC_016119-SRI-7-.txt.csv', 8191
'NC_016119-SRI-8-.txt.csv', 1881
'NC_016119-SRI-9-.txt.csv', 273
'NC_017870-SRI-10-.txt.csv', 38
'NC_017870-SRI-11-.txt.csv', 2
'NC_017870-SRI-5-.txt.csv', 15905
'NC_017870-SRI-6-.txt.csv', 13589
'NC_017870-SRI-7-.txt.csv', 6890
'NC_017870-SRI-8-.txt.csv', 1814
'NC_017870-SRI-9-.txt.csv', 300
'NC_017871-SRI-10-.txt.csv', 39
'NC_017871-SRI-11-.txt.csv', 4
'NC_017871-SRI-12-.txt.csv', 2
'NC_017871-SRI-5-.txt.csv', 16871
'NC_017871-SRI-6-.txt.csv', 14402
'NC_017871-SRI-7-.txt.csv', 7132
'NC_017871-SRI-8-.txt.csv', 1742
'NC_017871-SRI-9-.txt.csv', 274
'NC_018771-SRI-10-.txt.csv', 177
'NC_018771-SRI-11-.txt.csv', 64
'NC_018771-SRI-12-.txt.csv', 20
'NC_018771-SRI-5-.txt.csv', 18796
'NC_018771-SRI-6-.txt.csv', 16694
'NC_018771-SRI-7-.txt.csv', 8918
'NC_018771-SRI-8-.txt.csv', 2519
'NC_018771-SRI-9-.txt.csv', 602
'NC_018776-SRI-10-.txt.csv', 61
'NC_018776-SRI-11-.txt.csv', 4
'NC_018776-SRI-12-.txt.csv', 2
'NC_018776-SRI-5-.txt.csv', 17301
'NC_018776-SRI-6-.txt.csv', 15803
'NC_018776-SRI-7-.txt.csv', 9168
'NC_018776-SRI-8-.txt.csv', 2658
'NC_018776-SRI-9-.txt.csv', 414
'NC_018785-SRI-10-.txt.csv', 69
'NC_018785-SRI-11-.txt.csv', 30
'NC_018785-SRI-12-.txt.csv', 13
'NC_018785-SRI-5-.txt.csv', 17442
'NC_018785-SRI-6-.txt.csv', 15679
'NC_018785-SRI-7-.txt.csv', 8129
'NC_018785-SRI-8-.txt.csv', 2083
'NC_018785-SRI-9-.txt.csv', 323
'NC_019586-SRI-10-.txt.csv', 40
'NC_019586-SRI-11-.txt.csv', 4
'NC_019586-SRI-5-.txt.csv', 15838
'NC_019586-SRI-6-.txt.csv', 13767
'NC_019586-SRI-7-.txt.csv', 6968
'NC_019586-SRI-8-.txt.csv', 1741
'NC_019586-SRI-9-.txt.csv', 280
'NC_019596-SRI-10-.txt.csv', 142
'NC_019596-SRI-11-.txt.csv', 26
'NC_019596-SRI-12-.txt.csv', 10
'NC_019596-SRI-13-.txt.csv', 2
'NC_019596-SRI-5-.txt.csv', 16631
'NC_019596-SRI-6-.txt.csv', 14293
'NC_019596-SRI-7-.txt.csv', 8345
'NC_019596-SRI-8-.txt.csv', 2970
'NC_019596-SRI-9-.txt.csv', 706
'NC_019615-SRI-10-.txt.csv', 79
'NC_019615-SRI-11-.txt.csv', 16
'NC_019615-SRI-12-.txt.csv', 4
'NC_019615-SRI-5-.txt.csv', 20116
'NC_019615-SRI-6-.txt.csv', 18093
'NC_019615-SRI-7-.txt.csv', 8735
'NC_019615-SRI-8-.txt.csv', 2152
'NC_019615-SRI-9-.txt.csv', 444
'NC_019997-SRI-10-.txt.csv', 10
'NC_019997-SRI-5-.txt.csv', 17765
'NC_019997-SRI-6-.txt.csv', 15002
'NC_019997-SRI-7-.txt.csv', 6623
'NC_019997-SRI-8-.txt.csv', 1289
'NC_019997-SRI-9-.txt.csv', 150
'NC_019998-SRI-10-.txt.csv', 21
'NC_019998-SRI-11-.txt.csv', 2
'NC_019998-SRI-5-.txt.csv', 17396
'NC_019998-SRI-6-.txt.csv', 15228
'NC_019998-SRI-7-.txt.csv', 7406
'NC_019998-SRI-8-.txt.csv', 1693
'NC_019998-SRI-9-.txt.csv', 204
'NC_019999-SRI-10-.txt.csv', 162
'NC_019999-SRI-11-.txt.csv', 52
'NC_019999-SRI-12-.txt.csv', 23
'NC_019999-SRI-5-.txt.csv', 18991
'NC_019999-SRI-6-.txt.csv', 16834
'NC_019999-SRI-7-.txt.csv', 8492
'NC_019999-SRI-8-.txt.csv', 2313
'NC_019999-SRI-9-.txt.csv', 564
'NC_020000-SRI-10-.txt.csv', 177
'NC_020000-SRI-11-.txt.csv', 25
'NC_020000-SRI-12-.txt.csv', 10
'NC_020000-SRI-13-.txt.csv', 6
'NC_020000-SRI-14-.txt.csv', 2
'NC_020000-SRI-5-.txt.csv', 18693
'NC_020000-SRI-6-.txt.csv', 16900
'NC_020000-SRI-7-.txt.csv', 10156
'NC_020000-SRI-8-.txt.csv', 3649
'NC_020000-SRI-9-.txt.csv', 913
'NC_020002-SRI-10-.txt.csv', 50
'NC_020002-SRI-11-.txt.csv', 16
'NC_020002-SRI-12-.txt.csv', 4
'NC_020002-SRI-5-.txt.csv', 18953
'NC_020002-SRI-6-.txt.csv', 17015
'NC_020002-SRI-7-.txt.csv', 9641
'NC_020002-SRI-8-.txt.csv', 3221
'NC_020002-SRI-9-.txt.csv', 644
'NC_020044-SRI-10-.txt.csv', 47
'NC_020044-SRI-11-.txt.csv', 8
'NC_020044-SRI-5-.txt.csv', 16976
'NC_020044-SRI-6-.txt.csv', 15010
'NC_020044-SRI-7-.txt.csv', 7524
'NC_020044-SRI-8-.txt.csv', 1820
'NC_020044-SRI-9-.txt.csv', 301
'NC_020048-SRI-10-.txt.csv', 30
'NC_020048-SRI-11-.txt.csv', 9
'NC_020048-SRI-12-.txt.csv', 2
'NC_020048-SRI-5-.txt.csv', 17220
'NC_020048-SRI-6-.txt.csv', 15448
'NC_020048-SRI-7-.txt.csv', 7535
'NC_020048-SRI-8-.txt.csv', 1540
'NC_020048-SRI-9-.txt.csv', 180
'NC_020136-SRI-10-.txt.csv', 116
'NC_020136-SRI-11-.txt.csv', 19
'NC_020136-SRI-12-.txt.csv', 6
'NC_020136-SRI-13-.txt.csv', 2
'NC_020136-SRI-5-.txt.csv', 15659
'NC_020136-SRI-6-.txt.csv', 13811
'NC_020136-SRI-7-.txt.csv', 7961
'NC_020136-SRI-8-.txt.csv', 2568
'NC_020136-SRI-9-.txt.csv', 586
'NC_020137-SRI-10-.txt.csv', 10
'NC_020137-SRI-5-.txt.csv', 15903
'NC_020137-SRI-6-.txt.csv', 13137
'NC_020137-SRI-7-.txt.csv', 5756
'NC_020137-SRI-8-.txt.csv', 1157
'NC_020137-SRI-9-.txt.csv', 149
'NC_020138-SRI-10-.txt.csv', 250
'NC_020138-SRI-11-.txt.csv', 44
'NC_020138-SRI-12-.txt.csv', 8
'NC_020138-SRI-5-.txt.csv', 15761
'NC_020138-SRI-6-.txt.csv', 13660
'NC_020138-SRI-7-.txt.csv', 8557
'NC_020138-SRI-8-.txt.csv', 3801
'NC_020138-SRI-9-.txt.csv', 1159
'NC_020139-SRI-10-.txt.csv', 166
'NC_020139-SRI-11-.txt.csv', 46
'NC_020139-SRI-12-.txt.csv', 12
'NC_020139-SRI-13-.txt.csv', 2
'NC_020139-SRI-5-.txt.csv', 15621
'NC_020139-SRI-6-.txt.csv', 13201
'NC_020139-SRI-7-.txt.csv', 7660
'NC_020139-SRI-8-.txt.csv', 2792
'NC_020139-SRI-9-.txt.csv', 725
'NC_020140-SRI-10-.txt.csv', 58
'NC_020140-SRI-11-.txt.csv', 10
'NC_020140-SRI-5-.txt.csv', 15872
'NC_020140-SRI-6-.txt.csv', 13696
'NC_020140-SRI-7-.txt.csv', 7772
'NC_020140-SRI-8-.txt.csv', 2413
'NC_020140-SRI-9-.txt.csv', 451
'NC_020141-SRI-10-.txt.csv', 100
'NC_020141-SRI-11-.txt.csv', 18
'NC_020141-SRI-12-.txt.csv', 4
'NC_020141-SRI-13-.txt.csv', 2
'NC_020141-SRI-5-.txt.csv', 15886
'NC_020141-SRI-6-.txt.csv', 13442
'NC_020141-SRI-7-.txt.csv', 7107
'NC_020141-SRI-8-.txt.csv', 2258
'NC_020141-SRI-9-.txt.csv', 495
'NC_020142-SRI-10-.txt.csv', 30
'NC_020142-SRI-11-.txt.csv', 2
'NC_020142-SRI-5-.txt.csv', 16055
'NC_020142-SRI-6-.txt.csv', 13845
'NC_020142-SRI-7-.txt.csv', 6483
'NC_020142-SRI-8-.txt.csv', 1521
'NC_020142-SRI-9-.txt.csv', 228
'NC_020154-SRI-10-.txt.csv', 112
'NC_020154-SRI-11-.txt.csv', 8
'NC_020154-SRI-5-.txt.csv', 16207
'NC_020154-SRI-6-.txt.csv', 14275
'NC_020154-SRI-7-.txt.csv', 8286
'NC_020154-SRI-8-.txt.csv', 2930
'NC_020154-SRI-9-.txt.csv', 686
'NC_020155-SRI-10-.txt.csv', 244
'NC_020155-SRI-11-.txt.csv', 37
'NC_020155-SRI-12-.txt.csv', 10
'NC_020155-SRI-5-.txt.csv', 15982
'NC_020155-SRI-6-.txt.csv', 14459
'NC_020155-SRI-7-.txt.csv', 9644
'NC_020155-SRI-8-.txt.csv', 3892
'NC_020155-SRI-9-.txt.csv', 1077
'NC_020610-SRI-10-.txt.csv', 81
'NC_020610-SRI-11-.txt.csv', 18
'NC_020610-SRI-12-.txt.csv', 8
'NC_020610-SRI-13-.txt.csv', 4
'NC_020610-SRI-5-.txt.csv', 17560
'NC_020610-SRI-6-.txt.csv', 15804
'NC_020610-SRI-7-.txt.csv', 8194
'NC_020610-SRI-8-.txt.csv', 2210
'NC_020610-SRI-9-.txt.csv', 411
'NC_020634-SRI-10-.txt.csv', 162
'NC_020634-SRI-11-.txt.csv', 25
'NC_020634-SRI-12-.txt.csv', 4
'NC_020634-SRI-13-.txt.csv', 2
'NC_020634-SRI-5-.txt.csv', 16194
'NC_020634-SRI-6-.txt.csv', 14541
'NC_020634-SRI-7-.txt.csv', 8276
'NC_020634-SRI-8-.txt.csv', 2916
'NC_020634-SRI-9-.txt.csv', 772
'NC_020635-SRI-10-.txt.csv', 298
'NC_020635-SRI-11-.txt.csv', 67
'NC_020635-SRI-12-.txt.csv', 10
'NC_020635-SRI-13-.txt.csv', 2
'NC_020635-SRI-5-.txt.csv', 16099
'NC_020635-SRI-6-.txt.csv', 14415
'NC_020635-SRI-7-.txt.csv', 8762
'NC_020635-SRI-8-.txt.csv', 3517
'NC_020635-SRI-9-.txt.csv', 1154
'NC_020649-SRI-10-.txt.csv', 247
'NC_020649-SRI-11-.txt.csv', 54
'NC_020649-SRI-12-.txt.csv', 16
'NC_020649-SRI-13-.txt.csv', 4
'NC_020649-SRI-14-.txt.csv', 2
'NC_020649-SRI-5-.txt.csv', 16184
'NC_020649-SRI-6-.txt.csv', 14516
'NC_020649-SRI-7-.txt.csv', 8911
'NC_020649-SRI-8-.txt.csv', 3645
'NC_020649-SRI-9-.txt.csv', 1115
'NC_020650-SRI-10-.txt.csv', 223
'NC_020650-SRI-11-.txt.csv', 43
'NC_020650-SRI-12-.txt.csv', 20
'NC_020650-SRI-13-.txt.csv', 11
'NC_020650-SRI-14-.txt.csv', 4
'NC_020650-SRI-5-.txt.csv', 16081
'NC_020650-SRI-6-.txt.csv', 14431
'NC_020650-SRI-7-.txt.csv', 8811
'NC_020650-SRI-8-.txt.csv', 3526
'NC_020650-SRI-9-.txt.csv', 1032
'NC_021001-SRI-10-.txt.csv', 232
'NC_021001-SRI-11-.txt.csv', 39
'NC_021001-SRI-12-.txt.csv', 4
'NC_021001-SRI-5-.txt.csv', 16111
'NC_021001-SRI-6-.txt.csv', 14439
'NC_021001-SRI-7-.txt.csv', 8728
'NC_021001-SRI-8-.txt.csv', 3386
'NC_021001-SRI-9-.txt.csv', 1047
'NC_021106-SRI-10-.txt.csv', 193
'NC_021106-SRI-11-.txt.csv', 26
'NC_021106-SRI-12-.txt.csv', 6
'NC_021106-SRI-13-.txt.csv', 2
'NC_021106-SRI-5-.txt.csv', 16051
'NC_021106-SRI-6-.txt.csv', 14463
'NC_021106-SRI-7-.txt.csv', 8854
'NC_021106-SRI-8-.txt.csv', 3388
'NC_021106-SRI-9-.txt.csv', 913
'NC_021369-SRI-10-.txt.csv', 146
'NC_021369-SRI-11-.txt.csv', 32
'NC_021369-SRI-12-.txt.csv', 4
'NC_021369-SRI-5-.txt.csv', 15879
'NC_021369-SRI-6-.txt.csv', 13802
'NC_021369-SRI-7-.txt.csv', 8101
'NC_021369-SRI-8-.txt.csv', 2897
'NC_021369-SRI-9-.txt.csv', 721
'NC_021476-SRI-10-.txt.csv', 62
'NC_021476-SRI-11-.txt.csv', 34
'NC_021476-SRI-12-.txt.csv', 18
'NC_021476-SRI-13-.txt.csv', 8
'NC_021476-SRI-14-.txt.csv', 6
'NC_021476-SRI-15-.txt.csv', 4
'NC_021476-SRI-16-.txt.csv', 2
'NC_021476-SRI-5-.txt.csv', 18087
'NC_021476-SRI-6-.txt.csv', 16395
'NC_021476-SRI-7-.txt.csv', 8788
'NC_021476-SRI-8-.txt.csv', 2183
'NC_021476-SRI-9-.txt.csv', 377
'NC_021477-SRI-10-.txt.csv', 126
'NC_021477-SRI-11-.txt.csv', 76
'NC_021477-SRI-12-.txt.csv', 47
'NC_021477-SRI-13-.txt.csv', 24
'NC_021477-SRI-14-.txt.csv', 17
'NC_021477-SRI-15-.txt.csv', 10
'NC_021477-SRI-16-.txt.csv', 5
'NC_021477-SRI-5-.txt.csv', 18362
'NC_021477-SRI-6-.txt.csv', 16548
'NC_021477-SRI-7-.txt.csv', 9041
'NC_021477-SRI-8-.txt.csv', 2356
'NC_021477-SRI-9-.txt.csv', 476
'NC_021937-SRI-10-.txt.csv', 89
'NC_021937-SRI-11-.txt.csv', 11
'NC_021937-SRI-12-.txt.csv', 2
'NC_021937-SRI-5-.txt.csv', 17546
'NC_021937-SRI-6-.txt.csv', 15785
'NC_021937-SRI-7-.txt.csv', 8267
'NC_021937-SRI-8-.txt.csv', 2251
'NC_021937-SRI-9-.txt.csv', 450
'NC_022696-SRI-10-.txt.csv', 97
'NC_022696-SRI-11-.txt.csv', 18
'NC_022696-SRI-12-.txt.csv', 7
'NC_022696-SRI-5-.txt.csv', 18009
'NC_022696-SRI-6-.txt.csv', 16087
'NC_022696-SRI-7-.txt.csv', 8740
'NC_022696-SRI-8-.txt.csv', 2595
'NC_022696-SRI-9-.txt.csv', 550
'NC_022870-SRI-10-.txt.csv', 38
'NC_022870-SRI-11-.txt.csv', 6
'NC_022870-SRI-12-.txt.csv', 4
'NC_022870-SRI-13-.txt.csv', 2
'NC_022870-SRI-5-.txt.csv', 18908
'NC_022870-SRI-6-.txt.csv', 16775
'NC_022870-SRI-7-.txt.csv', 8674
'NC_022870-SRI-8-.txt.csv', 2194
'NC_022870-SRI-9-.txt.csv', 329
'NC_022871-SRI-10-.txt.csv', 93
'NC_022871-SRI-11-.txt.csv', 26
'NC_022871-SRI-12-.txt.csv', 8
'NC_022871-SRI-13-.txt.csv', 2
'NC_022871-SRI-5-.txt.csv', 18273
'NC_022871-SRI-6-.txt.csv', 16130
'NC_022871-SRI-7-.txt.csv', 8650
'NC_022871-SRI-8-.txt.csv', 2422
'NC_022871-SRI-9-.txt.csv', 446
'NC_022872-SRI-10-.txt.csv', 62
'NC_022872-SRI-11-.txt.csv', 6
'NC_022872-SRI-5-.txt.csv', 19711
'NC_022872-SRI-6-.txt.csv', 17757
'NC_022872-SRI-7-.txt.csv', 9739
'NC_022872-SRI-8-.txt.csv', 2542
'NC_022872-SRI-9-.txt.csv', 385
'NC_023341-SRI-10-.txt.csv', 270
'NC_023341-SRI-11-.txt.csv', 36
'NC_023341-SRI-12-.txt.csv', 8
'NC_023341-SRI-13-.txt.csv', 2
'NC_023341-SRI-5-.txt.csv', 15864
'NC_023341-SRI-6-.txt.csv', 14216
'NC_023341-SRI-7-.txt.csv', 8711
'NC_023341-SRI-8-.txt.csv', 3523
'NC_023341-SRI-9-.txt.csv', 1127
'NC_023342-SRI-10-.txt.csv', 31
'NC_023342-SRI-5-.txt.csv', 16312
'NC_023342-SRI-6-.txt.csv', 14199
'NC_023342-SRI-7-.txt.csv', 7023
'NC_023342-SRI-8-.txt.csv', 1763
'NC_023342-SRI-9-.txt.csv', 283
'NC_023379-SRI-10-.txt.csv', 974
'NC_023379-SRI-11-.txt.csv', 456
'NC_023379-SRI-12-.txt.csv', 221
'NC_023379-SRI-13-.txt.csv', 137
'NC_023379-SRI-14-.txt.csv', 82
'NC_023379-SRI-15-.txt.csv', 44
'NC_023379-SRI-16-.txt.csv', 36
'NC_023379-SRI-17-.txt.csv', 28
'NC_023379-SRI-18-.txt.csv', 24
'NC_023379-SRI-19-.txt.csv', 20
'NC_023379-SRI-20-.txt.csv', 16
'NC_023379-SRI-21-.txt.csv', 12
'NC_023379-SRI-22-.txt.csv', 8
'NC_023379-SRI-23-.txt.csv', 4
'NC_023379-SRI-5-.txt.csv', 28138
'NC_023379-SRI-6-.txt.csv', 25164
'NC_023379-SRI-7-.txt.csv', 15173
'NC_023379-SRI-8-.txt.csv', 6409
'NC_023379-SRI-9-.txt.csv', 2387
'NC_023380-SRI-10-.txt.csv', 137
'NC_023380-SRI-11-.txt.csv', 31
'NC_023380-SRI-12-.txt.csv', 9
'NC_023380-SRI-13-.txt.csv', 6
'NC_023380-SRI-14-.txt.csv', 3
'NC_023380-SRI-5-.txt.csv', 19801
'NC_023380-SRI-6-.txt.csv', 17558
'NC_023380-SRI-7-.txt.csv', 9375
'NC_023380-SRI-8-.txt.csv', 2733
'NC_023380-SRI-9-.txt.csv', 639
'NC_023381-SRI-10-.txt.csv', 969
'NC_023381-SRI-11-.txt.csv', 339
'NC_023381-SRI-12-.txt.csv', 139
'NC_023381-SRI-13-.txt.csv', 68
'NC_023381-SRI-14-.txt.csv', 18
'NC_023381-SRI-15-.txt.csv', 10
'NC_023381-SRI-16-.txt.csv', 4
'NC_023381-SRI-5-.txt.csv', 22055
'NC_023381-SRI-6-.txt.csv', 20288
'NC_023381-SRI-7-.txt.csv', 14182
'NC_023381-SRI-8-.txt.csv', 7305
'NC_023381-SRI-9-.txt.csv', 2868
'NC_023382-SRI-10-.txt.csv', 123
'NC_023382-SRI-11-.txt.csv', 18
'NC_023382-SRI-5-.txt.csv', 21142
'NC_023382-SRI-6-.txt.csv', 18671
'NC_023382-SRI-7-.txt.csv', 9800
'NC_023382-SRI-8-.txt.csv', 2655
'NC_023382-SRI-9-.txt.csv', 535
'NC_023507-SRI-10-.txt.csv', 32
'NC_023507-SRI-5-.txt.csv', 16036
'NC_023507-SRI-6-.txt.csv', 13429
'NC_023507-SRI-7-.txt.csv', 6273
'NC_023507-SRI-8-.txt.csv', 1505
'NC_023507-SRI-9-.txt.csv', 251
'NC_023508-SRI-10-.txt.csv', 36
'NC_023508-SRI-11-.txt.csv', 2
'NC_023508-SRI-5-.txt.csv', 16020
'NC_023508-SRI-6-.txt.csv', 13668
'NC_023508-SRI-7-.txt.csv', 6142
'NC_023508-SRI-8-.txt.csv', 1403
'NC_023508-SRI-9-.txt.csv', 245
'NC_023509-SRI-10-.txt.csv', 68
'NC_023509-SRI-11-.txt.csv', 8
'NC_023509-SRI-12-.txt.csv', 2
'NC_023509-SRI-5-.txt.csv', 16925
'NC_023509-SRI-6-.txt.csv', 14505
'NC_023509-SRI-7-.txt.csv', 7431
'NC_023509-SRI-8-.txt.csv', 2109
'NC_023509-SRI-9-.txt.csv', 411
'NC_023510-SRI-10-.txt.csv', 57
'NC_023510-SRI-11-.txt.csv', 8
'NC_023510-SRI-5-.txt.csv', 15770
'NC_023510-SRI-6-.txt.csv', 13466
'NC_023510-SRI-7-.txt.csv', 7343
'NC_023510-SRI-8-.txt.csv', 2072
'NC_023510-SRI-9-.txt.csv', 381
'NC_023511-SRI-10-.txt.csv', 26
'NC_023511-SRI-5-.txt.csv', 15879
'NC_023511-SRI-6-.txt.csv', 13457
'NC_023511-SRI-7-.txt.csv', 6836
'NC_023511-SRI-8-.txt.csv', 1813
'NC_023511-SRI-9-.txt.csv', 277
'NC_023512-SRI-10-.txt.csv', 77
'NC_023512-SRI-11-.txt.csv', 8
'NC_023512-SRI-5-.txt.csv', 15900
'NC_023512-SRI-6-.txt.csv', 13875
'NC_023512-SRI-7-.txt.csv', 8038
'NC_023512-SRI-8-.txt.csv', 2842
'NC_023512-SRI-9-.txt.csv', 573
'NC_023513-SRI-10-.txt.csv', 32
'NC_023513-SRI-11-.txt.csv', 6
'NC_023513-SRI-5-.txt.csv', 16042
'NC_023513-SRI-6-.txt.csv', 12916
'NC_023513-SRI-7-.txt.csv', 5695
'NC_023513-SRI-8-.txt.csv', 1227
'NC_023513-SRI-9-.txt.csv', 173
'NC_023514-SRI-10-.txt.csv', 53
'NC_023514-SRI-11-.txt.csv', 6
'NC_023514-SRI-5-.txt.csv', 15880
'NC_023514-SRI-6-.txt.csv', 13513
'NC_023514-SRI-7-.txt.csv', 7063
'NC_023514-SRI-8-.txt.csv', 2070
'NC_023514-SRI-9-.txt.csv', 419
'NC_023515-SRI-10-.txt.csv', 79
'NC_023515-SRI-11-.txt.csv', 15
'NC_023515-SRI-12-.txt.csv', 2
'NC_023515-SRI-5-.txt.csv', 15747
'NC_023515-SRI-6-.txt.csv', 13662
'NC_023515-SRI-7-.txt.csv', 7685
'NC_023515-SRI-8-.txt.csv', 2562
'NC_023515-SRI-9-.txt.csv', 545
'NC_023516-SRI-10-.txt.csv', 26
'NC_023516-SRI-5-.txt.csv', 16730
'NC_023516-SRI-6-.txt.csv', 14074
'NC_023516-SRI-7-.txt.csv', 6362
'NC_023516-SRI-8-.txt.csv', 1373
'NC_023516-SRI-9-.txt.csv', 217
'NC_023517-SRI-10-.txt.csv', 31
'NC_023517-SRI-11-.txt.csv', 6
'NC_023517-SRI-12-.txt.csv', 2
'NC_023517-SRI-5-.txt.csv', 15830
'NC_023517-SRI-6-.txt.csv', 13311
'NC_023517-SRI-7-.txt.csv', 6641
'NC_023517-SRI-8-.txt.csv', 1704
'NC_023517-SRI-9-.txt.csv', 215
'NC_023518-SRI-10-.txt.csv', 263
'NC_023518-SRI-11-.txt.csv', 66
'NC_023518-SRI-12-.txt.csv', 20
'NC_023518-SRI-13-.txt.csv', 10
'NC_023518-SRI-14-.txt.csv', 6
'NC_023518-SRI-15-.txt.csv', 4
'NC_023518-SRI-16-.txt.csv', 2
'NC_023518-SRI-5-.txt.csv', 15619
'NC_023518-SRI-6-.txt.csv', 13922
'NC_023518-SRI-7-.txt.csv', 8925
'NC_023518-SRI-8-.txt.csv', 3594
'NC_023518-SRI-9-.txt.csv', 1013
'NC_023519-SRI-10-.txt.csv', 25
'NC_023519-SRI-5-.txt.csv', 15911
'NC_023519-SRI-6-.txt.csv', 13646
'NC_023519-SRI-7-.txt.csv', 6739
'NC_023519-SRI-8-.txt.csv', 1615
'NC_023519-SRI-9-.txt.csv', 224
'NC_023528-SRI-10-.txt.csv', 52
'NC_023528-SRI-11-.txt.csv', 4
'NC_023528-SRI-5-.txt.csv', 18622
'NC_023528-SRI-6-.txt.csv', 16730
'NC_023528-SRI-7-.txt.csv', 8428
'NC_023528-SRI-8-.txt.csv', 2055
'NC_023528-SRI-9-.txt.csv', 348
'NC_023529-SRI-10-.txt.csv', 88
'NC_023529-SRI-11-.txt.csv', 29
'NC_023529-SRI-12-.txt.csv', 8
'NC_023529-SRI-5-.txt.csv', 18646
'NC_023529-SRI-6-.txt.csv', 16752
'NC_023529-SRI-7-.txt.csv', 8246
'NC_023529-SRI-8-.txt.csv', 1996
'NC_023529-SRI-9-.txt.csv', 370
'NC_023789-SRI-10-.txt.csv', 182
'NC_023789-SRI-11-.txt.csv', 24
'NC_023789-SRI-12-.txt.csv', 2
'NC_023789-SRI-5-.txt.csv', 16123
'NC_023789-SRI-6-.txt.csv', 14454
'NC_023789-SRI-7-.txt.csv', 8706
'NC_023789-SRI-8-.txt.csv', 3491
'NC_023789-SRI-9-.txt.csv', 982
'NC_023949-SRI-10-.txt.csv', 63
'NC_023949-SRI-11-.txt.csv', 10
'NC_023949-SRI-12-.txt.csv', 4
'NC_023949-SRI-5-.txt.csv', 17535
'NC_023949-SRI-6-.txt.csv', 15535
'NC_023949-SRI-7-.txt.csv', 8380
'NC_023949-SRI-8-.txt.csv', 2149
'NC_023949-SRI-9-.txt.csv', 329
'NC_024180-SRI-10-.txt.csv', 15
'NC_024180-SRI-5-.txt.csv', 17457
'NC_024180-SRI-6-.txt.csv', 15409
'NC_024180-SRI-7-.txt.csv', 7179
'NC_024180-SRI-8-.txt.csv', 1476
'NC_024180-SRI-9-.txt.csv', 183
'NC_024272-SRI-10-.txt.csv', 28
'NC_024272-SRI-11-.txt.csv', 4
'NC_024272-SRI-5-.txt.csv', 17151
'NC_024272-SRI-6-.txt.csv', 15147
'NC_024272-SRI-7-.txt.csv', 7472
'NC_024272-SRI-8-.txt.csv', 1620
'NC_024272-SRI-9-.txt.csv', 214
'NC_024427-SRI-10-.txt.csv', 72
'NC_024427-SRI-11-.txt.csv', 12
'NC_024427-SRI-12-.txt.csv', 6
'NC_024427-SRI-13-.txt.csv', 2
'NC_024427-SRI-5-.txt.csv', 16924
'NC_024427-SRI-6-.txt.csv', 15285
'NC_024427-SRI-7-.txt.csv', 7956
'NC_024427-SRI-8-.txt.csv', 2206
'NC_024427-SRI-9-.txt.csv', 411
'NC_024547-SRI-10-.txt.csv', 39
'NC_024547-SRI-11-.txt.csv', 8
'NC_024547-SRI-5-.txt.csv', 16518
'NC_024547-SRI-6-.txt.csv', 14598
'NC_024547-SRI-7-.txt.csv', 7149
'NC_024547-SRI-8-.txt.csv', 1720
'NC_024547-SRI-9-.txt.csv', 268
'NC_024548-SRI-10-.txt.csv', 322
'NC_024548-SRI-11-.txt.csv', 95
'NC_024548-SRI-12-.txt.csv', 8
'NC_024548-SRI-13-.txt.csv', 4
'NC_024548-SRI-14-.txt.csv', 2
'NC_024548-SRI-5-.txt.csv', 21988
'NC_024548-SRI-6-.txt.csv', 19699
'NC_024548-SRI-7-.txt.csv', 11161
'NC_024548-SRI-8-.txt.csv', 3812
'NC_024548-SRI-9-.txt.csv', 1157
'NC_024603-SRI-10-.txt.csv', 24
'NC_024603-SRI-5-.txt.csv', 17674
'NC_024603-SRI-6-.txt.csv', 15938
'NC_024603-SRI-7-.txt.csv', 7736
'NC_024603-SRI-8-.txt.csv', 1751
'NC_024603-SRI-9-.txt.csv', 283
'NC_024748-SRI-10-.txt.csv', 140
'NC_024748-SRI-11-.txt.csv', 43
'NC_024748-SRI-5-.txt.csv', 18808
'NC_024748-SRI-6-.txt.csv', 16672
'NC_024748-SRI-7-.txt.csv', 8656
'NC_024748-SRI-8-.txt.csv', 2240
'NC_024748-SRI-9-.txt.csv', 439
'NC_024843-SRI-10-.txt.csv', 44
'NC_024843-SRI-11-.txt.csv', 6
'NC_024843-SRI-5-.txt.csv', 16918
'NC_024843-SRI-6-.txt.csv', 14819
'NC_024843-SRI-7-.txt.csv', 7354
'NC_024843-SRI-8-.txt.csv', 1768
'NC_024843-SRI-9-.txt.csv', 290
'NC_025226-SRI-10-.txt.csv', 49
'NC_025226-SRI-11-.txt.csv', 24
'NC_025226-SRI-12-.txt.csv', 13
'NC_025226-SRI-13-.txt.csv', 6
'NC_025226-SRI-14-.txt.csv', 3
'NC_025226-SRI-5-.txt.csv', 17355
'NC_025226-SRI-6-.txt.csv', 15099
'NC_025226-SRI-7-.txt.csv', 7300
'NC_025226-SRI-8-.txt.csv', 1632
'NC_025226-SRI-9-.txt.csv', 254
'NC_025309-SRI-10-.txt.csv', 132
'NC_025309-SRI-11-.txt.csv', 44
'NC_025309-SRI-12-.txt.csv', 19
'NC_025309-SRI-13-.txt.csv', 8
'NC_025309-SRI-14-.txt.csv', 4
'NC_025309-SRI-5-.txt.csv', 17783
'NC_025309-SRI-6-.txt.csv', 15993
'NC_025309-SRI-7-.txt.csv', 8857
'NC_025309-SRI-8-.txt.csv', 2526
'NC_025309-SRI-9-.txt.csv', 522
'NC_025575-SRI-10-.txt.csv', 86
'NC_025575-SRI-11-.txt.csv', 8
'NC_025575-SRI-12-.txt.csv', 2
'NC_025575-SRI-5-.txt.csv', 17609
'NC_025575-SRI-6-.txt.csv', 15820
'NC_025575-SRI-7-.txt.csv', 8258
'NC_025575-SRI-8-.txt.csv', 1939
'NC_025575-SRI-9-.txt.csv', 348
'NC_025591-SRI-10-.txt.csv', 44
'NC_025591-SRI-11-.txt.csv', 2
'NC_025591-SRI-5-.txt.csv', 17595
'NC_025591-SRI-6-.txt.csv', 15641
'NC_025591-SRI-7-.txt.csv', 8401
'NC_025591-SRI-8-.txt.csv', 2133
'NC_025591-SRI-9-.txt.csv', 284
'NC_026032-SRI-10-.txt.csv', 370
'NC_026032-SRI-11-.txt.csv', 64
'NC_026032-SRI-12-.txt.csv', 12
'NC_026032-SRI-13-.txt.csv', 2
'NC_026032-SRI-5-.txt.csv', 16092
'NC_026032-SRI-6-.txt.csv', 14465
'NC_026032-SRI-7-.txt.csv', 9275
'NC_026032-SRI-8-.txt.csv', 4246
'NC_026032-SRI-9-.txt.csv', 1522
'NC_026033-SRI-10-.txt.csv', 260
'NC_026033-SRI-11-.txt.csv', 51
'NC_026033-SRI-12-.txt.csv', 19
'NC_026033-SRI-13-.txt.csv', 8
'NC_026033-SRI-5-.txt.csv', 16110
'NC_026033-SRI-6-.txt.csv', 14501
'NC_026033-SRI-7-.txt.csv', 8872
'NC_026033-SRI-8-.txt.csv', 3574
'NC_026033-SRI-9-.txt.csv', 1156
'NC_026524-SRI-10-.txt.csv', 51
'NC_026524-SRI-11-.txt.csv', 13
'NC_026524-SRI-12-.txt.csv', 2
'NC_026524-SRI-5-.txt.csv', 18130
'NC_026524-SRI-6-.txt.csv', 16142
'NC_026524-SRI-7-.txt.csv', 8170
'NC_026524-SRI-8-.txt.csv', 1942
'NC_026524-SRI-9-.txt.csv', 314
'NC_026698-SRI-10-.txt.csv', 251
'NC_026698-SRI-11-.txt.csv', 54
'NC_026698-SRI-12-.txt.csv', 10
'NC_026698-SRI-13-.txt.csv', 2
'NC_026698-SRI-5-.txt.csv', 16119
'NC_026698-SRI-6-.txt.csv', 14578
'NC_026698-SRI-7-.txt.csv', 8691
'NC_026698-SRI-8-.txt.csv', 3351
'NC_026698-SRI-9-.txt.csv', 1021
'NC_026789-SRI-10-.txt.csv', 60
'NC_026789-SRI-11-.txt.csv', 8
'NC_026789-SRI-5-.txt.csv', 17674
'NC_026789-SRI-6-.txt.csv', 16077
'NC_026789-SRI-7-.txt.csv', 8180
'NC_026789-SRI-8-.txt.csv', 2076
'NC_026789-SRI-9-.txt.csv', 387
'NC_026853-SRI-10-.txt.csv', 349
'NC_026853-SRI-11-.txt.csv', 84
'NC_026853-SRI-12-.txt.csv', 20
'NC_026853-SRI-13-.txt.csv', 4
'NC_026853-SRI-14-.txt.csv', 2
'NC_026853-SRI-5-.txt.csv', 16226
'NC_026853-SRI-6-.txt.csv', 14699
'NC_026853-SRI-7-.txt.csv', 9591
'NC_026853-SRI-8-.txt.csv', 4301
'NC_026853-SRI-9-.txt.csv', 1350
'NC_026854-SRI-10-.txt.csv', 343
'NC_026854-SRI-11-.txt.csv', 63
'NC_026854-SRI-12-.txt.csv', 11
'NC_026854-SRI-13-.txt.csv', 8
'NC_026854-SRI-14-.txt.csv', 4
'NC_026854-SRI-5-.txt.csv', 16202
'NC_026854-SRI-6-.txt.csv', 14556
'NC_026854-SRI-7-.txt.csv', 9513
'NC_026854-SRI-8-.txt.csv', 4404
'NC_026854-SRI-9-.txt.csv', 1492
'NC_026893-SRI-10-.txt.csv', 54
'NC_026893-SRI-11-.txt.csv', 10
'NC_026893-SRI-12-.txt.csv', 2
'NC_026893-SRI-5-.txt.csv', 17824
'NC_026893-SRI-6-.txt.csv', 16048
'NC_026893-SRI-7-.txt.csv', 8430
'NC_026893-SRI-8-.txt.csv', 2271
'NC_026893-SRI-9-.txt.csv', 426
'NC_026894-SRI-10-.txt.csv', 29
'NC_026894-SRI-11-.txt.csv', 2
'NC_026894-SRI-5-.txt.csv', 17793
'NC_026894-SRI-6-.txt.csv', 15966
'NC_026894-SRI-7-.txt.csv', 8167
'NC_026894-SRI-8-.txt.csv', 2091
'NC_026894-SRI-9-.txt.csv', 363
'NC_026895-SRI-10-.txt.csv', 46
'NC_026895-SRI-11-.txt.csv', 13
'NC_026895-SRI-12-.txt.csv', 2
'NC_026895-SRI-5-.txt.csv', 17812
'NC_026895-SRI-6-.txt.csv', 15973
'NC_026895-SRI-7-.txt.csv', 7909
'NC_026895-SRI-8-.txt.csv', 1948
'NC_026895-SRI-9-.txt.csv', 304
'NC_026896-SRI-10-.txt.csv', 23
'NC_026896-SRI-11-.txt.csv', 4
'NC_026896-SRI-5-.txt.csv', 17165
'NC_026896-SRI-6-.txt.csv', 15364
'NC_026896-SRI-7-.txt.csv', 7589
'NC_026896-SRI-8-.txt.csv', 1854
'NC_026896-SRI-9-.txt.csv', 252
'NC_027072-SRI-10-.txt.csv', 58
'NC_027072-SRI-11-.txt.csv', 26
'NC_027072-SRI-12-.txt.csv', 14
'NC_027072-SRI-13-.txt.csv', 8
'NC_027072-SRI-14-.txt.csv', 2
'NC_027072-SRI-5-.txt.csv', 16934
'NC_027072-SRI-6-.txt.csv', 14953
'NC_027072-SRI-7-.txt.csv', 7656
'NC_027072-SRI-8-.txt.csv', 1925
'NC_027072-SRI-9-.txt.csv', 285
'NC_027236-SRI-10-.txt.csv', 28
'NC_027236-SRI-11-.txt.csv', 2
'NC_027236-SRI-5-.txt.csv', 17144
'NC_027236-SRI-6-.txt.csv', 15197
'NC_027236-SRI-7-.txt.csv', 7789
'NC_027236-SRI-8-.txt.csv', 1959
'NC_027236-SRI-9-.txt.csv', 257
'NC_027274-SRI-10-.txt.csv', 53
'NC_027274-SRI-11-.txt.csv', 16
'NC_027274-SRI-12-.txt.csv', 12
'NC_027274-SRI-13-.txt.csv', 8
'NC_027274-SRI-14-.txt.csv', 4
'NC_027274-SRI-5-.txt.csv', 17799
'NC_027274-SRI-6-.txt.csv', 15714
'NC_027274-SRI-7-.txt.csv', 7482
'NC_027274-SRI-8-.txt.csv', 1728
'NC_027274-SRI-9-.txt.csv', 282
'NC_027421-SRI-10-.txt.csv', 35
'NC_027421-SRI-5-.txt.csv', 16036
'NC_027421-SRI-6-.txt.csv', 14011
'NC_027421-SRI-7-.txt.csv', 6892
'NC_027421-SRI-8-.txt.csv', 1629
'NC_027421-SRI-9-.txt.csv', 269
'NC_027452-SRI-10-.txt.csv', 187
'NC_027452-SRI-11-.txt.csv', 84
'NC_027452-SRI-12-.txt.csv', 56
'NC_027452-SRI-13-.txt.csv', 35
'NC_027452-SRI-14-.txt.csv', 21
'NC_027452-SRI-15-.txt.csv', 14
'NC_027452-SRI-16-.txt.csv', 7
'NC_027452-SRI-5-.txt.csv', 17846
'NC_027452-SRI-6-.txt.csv', 16220
'NC_027452-SRI-7-.txt.csv', 9502
'NC_027452-SRI-8-.txt.csv', 2941
'NC_027452-SRI-9-.txt.csv', 693
'NC_027501-SRI-10-.txt.csv', 97
'NC_027501-SRI-11-.txt.csv', 8
'NC_027501-SRI-5-.txt.csv', 16068
'NC_027501-SRI-6-.txt.csv', 14325
'NC_027501-SRI-7-.txt.csv', 8272
'NC_027501-SRI-8-.txt.csv', 2901
'NC_027501-SRI-9-.txt.csv', 620
'NC_027505-SRI-10-.txt.csv', 28
'NC_027505-SRI-11-.txt.csv', 2
'NC_027505-SRI-5-.txt.csv', 16406
'NC_027505-SRI-6-.txt.csv', 14080
'NC_027505-SRI-7-.txt.csv', 6775
'NC_027505-SRI-8-.txt.csv', 1584
'NC_027505-SRI-9-.txt.csv', 255
'NC_027507-SRI-10-.txt.csv', 40
'NC_027507-SRI-11-.txt.csv', 2
'NC_027507-SRI-5-.txt.csv', 16026
'NC_027507-SRI-6-.txt.csv', 13895
'NC_027507-SRI-7-.txt.csv', 6684
'NC_027507-SRI-8-.txt.csv', 1525
'NC_027507-SRI-9-.txt.csv', 241
'NC_027671-SRI-10-.txt.csv', 43
'NC_027671-SRI-5-.txt.csv', 16875
'NC_027671-SRI-6-.txt.csv', 14815
'NC_027671-SRI-7-.txt.csv', 7799
'NC_027671-SRI-8-.txt.csv', 2078
'NC_027671-SRI-9-.txt.csv', 386
'NC_027686-SRI-10-.txt.csv', 33
'NC_027686-SRI-11-.txt.csv', 5
'NC_027686-SRI-5-.txt.csv', 17742
'NC_027686-SRI-6-.txt.csv', 15954
'NC_027686-SRI-7-.txt.csv', 7890
'NC_027686-SRI-8-.txt.csv', 1788
'NC_027686-SRI-9-.txt.csv', 249
'NC_027827-SRI-10-.txt.csv', 107
'NC_027827-SRI-11-.txt.csv', 14
'NC_027827-SRI-12-.txt.csv', 4
'NC_027827-SRI-13-.txt.csv', 2
'NC_027827-SRI-5-.txt.csv', 18140
'NC_027827-SRI-6-.txt.csv', 16249
'NC_027827-SRI-7-.txt.csv', 8158
'NC_027827-SRI-8-.txt.csv', 2109
'NC_027827-SRI-9-.txt.csv', 420
'NC_028184-SRI-10-.txt.csv', 349
'NC_028184-SRI-11-.txt.csv', 93
'NC_028184-SRI-12-.txt.csv', 30
'NC_028184-SRI-13-.txt.csv', 14
'NC_028184-SRI-14-.txt.csv', 6
'NC_028184-SRI-15-.txt.csv', 2
'NC_028184-SRI-5-.txt.csv', 17106
'NC_028184-SRI-6-.txt.csv', 15201
'NC_028184-SRI-7-.txt.csv', 9208
'NC_028184-SRI-8-.txt.csv', 3770
'NC_028184-SRI-9-.txt.csv', 1252
'NC_028278-SRI-10-.txt.csv', 63
'NC_028278-SRI-11-.txt.csv', 10
'NC_028278-SRI-12-.txt.csv', 2
'NC_028278-SRI-5-.txt.csv', 16045
'NC_028278-SRI-6-.txt.csv', 13864
'NC_028278-SRI-7-.txt.csv', 7538
'NC_028278-SRI-8-.txt.csv', 2381
'NC_028278-SRI-9-.txt.csv', 456
'NC_028283-SRI-10-.txt.csv', 44
'NC_028283-SRI-11-.txt.csv', 12
'NC_028283-SRI-12-.txt.csv', 5
'NC_028283-SRI-5-.txt.csv', 17264
'NC_028283-SRI-6-.txt.csv', 15447
'NC_028283-SRI-7-.txt.csv', 8190
'NC_028283-SRI-8-.txt.csv', 2208
'NC_028283-SRI-9-.txt.csv', 349
'NC_028296-SRI-10-.txt.csv', 22
'NC_028296-SRI-11-.txt.csv', 2
'NC_028296-SRI-5-.txt.csv', 17601
'NC_028296-SRI-6-.txt.csv', 15625
'NC_028296-SRI-7-.txt.csv', 7644
'NC_028296-SRI-8-.txt.csv', 1706
'NC_028296-SRI-9-.txt.csv', 207
'NC_028297-SRI-10-.txt.csv', 99
'NC_028297-SRI-11-.txt.csv', 16
'NC_028297-SRI-12-.txt.csv', 2
'NC_028297-SRI-5-.txt.csv', 16362
'NC_028297-SRI-6-.txt.csv', 13932
'NC_028297-SRI-7-.txt.csv', 7591
'NC_028297-SRI-8-.txt.csv', 2508
'NC_028297-SRI-9-.txt.csv', 531
'NC_028424-SRI-10-.txt.csv', 49
'NC_028424-SRI-11-.txt.csv', 8
'NC_028424-SRI-12-.txt.csv', 4
'NC_028424-SRI-13-.txt.csv', 4
'NC_028424-SRI-14-.txt.csv', 2
'NC_028424-SRI-5-.txt.csv', 17429
'NC_028424-SRI-6-.txt.csv', 15519
'NC_028424-SRI-7-.txt.csv', 7890
'NC_028424-SRI-8-.txt.csv', 1947
'NC_028424-SRI-9-.txt.csv', 304
'NC_028521-SRI-10-.txt.csv', 125
'NC_028521-SRI-11-.txt.csv', 34
'NC_028521-SRI-12-.txt.csv', 16
'NC_028521-SRI-5-.txt.csv', 19070
'NC_028521-SRI-6-.txt.csv', 17037
'NC_028521-SRI-7-.txt.csv', 8663
'NC_028521-SRI-8-.txt.csv', 2101
'NC_028521-SRI-9-.txt.csv', 446
'NC_029196-SRI-10-.txt.csv', 44
'NC_029196-SRI-11-.txt.csv', 11
'NC_029196-SRI-12-.txt.csv', 2
'NC_029196-SRI-5-.txt.csv', 17757
'NC_029196-SRI-6-.txt.csv', 16075
'NC_029196-SRI-7-.txt.csv', 8295
'NC_029196-SRI-8-.txt.csv', 1908
'NC_029196-SRI-9-.txt.csv', 346
'NC_029197-SRI-10-.txt.csv', 95
'NC_029197-SRI-11-.txt.csv', 39
'NC_029197-SRI-12-.txt.csv', 2
'NC_029197-SRI-5-.txt.csv', 17721
'NC_029197-SRI-6-.txt.csv', 16015
'NC_029197-SRI-7-.txt.csv', 8412
'NC_029197-SRI-8-.txt.csv', 2013
'NC_029197-SRI-9-.txt.csv', 350
'NC_029198-SRI-10-.txt.csv', 42
'NC_029198-SRI-11-.txt.csv', 11
'NC_029198-SRI-12-.txt.csv', 2
'NC_029198-SRI-5-.txt.csv', 17732
'NC_029198-SRI-6-.txt.csv', 15956
'NC_029198-SRI-7-.txt.csv', 8386
'NC_029198-SRI-8-.txt.csv', 2188
'NC_029198-SRI-9-.txt.csv', 358
'NC_029199-SRI-10-.txt.csv', 43
'NC_029199-SRI-11-.txt.csv', 9
'NC_029199-SRI-5-.txt.csv', 17791
'NC_029199-SRI-6-.txt.csv', 15986
'NC_029199-SRI-7-.txt.csv', 8384
'NC_029199-SRI-8-.txt.csv', 2176
'NC_029199-SRI-9-.txt.csv', 379
'NC_029200-SRI-10-.txt.csv', 31
'NC_029200-SRI-11-.txt.csv', 8
'NC_029200-SRI-5-.txt.csv', 17776
'NC_029200-SRI-6-.txt.csv', 15758
'NC_029200-SRI-7-.txt.csv', 8028
'NC_029200-SRI-8-.txt.csv', 1919
'NC_029200-SRI-9-.txt.csv', 311
'NC_029201-SRI-10-.txt.csv', 80
'NC_029201-SRI-11-.txt.csv', 14
'NC_029201-SRI-12-.txt.csv', 3
'NC_029201-SRI-5-.txt.csv', 17734
'NC_029201-SRI-6-.txt.csv', 15994
'NC_029201-SRI-7-.txt.csv', 8282
'NC_029201-SRI-8-.txt.csv', 2056
'NC_029201-SRI-9-.txt.csv', 354
'NC_029231-SRI-10-.txt.csv', 29
'NC_029231-SRI-11-.txt.csv', 2
'NC_029231-SRI-5-.txt.csv', 16425
'NC_029231-SRI-6-.txt.csv', 14126
'NC_029231-SRI-7-.txt.csv', 7029
'NC_029231-SRI-8-.txt.csv', 1692
'NC_029231-SRI-9-.txt.csv', 250
'NC_029250-SRI-10-.txt.csv', 70
'NC_029250-SRI-11-.txt.csv', 10
'NC_029250-SRI-12-.txt.csv', 4
'NC_029250-SRI-13-.txt.csv', 2
'NC_029250-SRI-5-.txt.csv', 18711
'NC_029250-SRI-6-.txt.csv', 16618
'NC_029250-SRI-7-.txt.csv', 8058
'NC_029250-SRI-8-.txt.csv', 1879
'NC_029250-SRI-9-.txt.csv', 359
'NC_029345-SRI-10-.txt.csv', 71
'NC_029345-SRI-11-.txt.csv', 4
'NC_029345-SRI-5-.txt.csv', 16065
'NC_029345-SRI-6-.txt.csv', 14311
'NC_029345-SRI-7-.txt.csv', 7674
'NC_029345-SRI-8-.txt.csv', 2343
'NC_029345-SRI-9-.txt.csv', 459
'NC_029409-SRI-10-.txt.csv', 55
'NC_029409-SRI-11-.txt.csv', 4
'NC_029409-SRI-5-.txt.csv', 16864
'NC_029409-SRI-6-.txt.csv', 14999
'NC_029409-SRI-7-.txt.csv', 7837
'NC_029409-SRI-8-.txt.csv', 2054
'NC_029409-SRI-9-.txt.csv', 360
'NC_029410-SRI-10-.txt.csv', 132
'NC_029410-SRI-11-.txt.csv', 75
'NC_029410-SRI-12-.txt.csv', 61
'NC_029410-SRI-13-.txt.csv', 49
'NC_029410-SRI-14-.txt.csv', 42
'NC_029410-SRI-15-.txt.csv', 35
'NC_029410-SRI-16-.txt.csv', 28
'NC_029410-SRI-17-.txt.csv', 21
'NC_029410-SRI-18-.txt.csv', 14
'NC_029410-SRI-19-.txt.csv', 7
'NC_029410-SRI-5-.txt.csv', 17865
'NC_029410-SRI-6-.txt.csv', 15974
'NC_029410-SRI-7-.txt.csv', 8655
'NC_029410-SRI-8-.txt.csv', 2252
'NC_029410-SRI-9-.txt.csv', 417
